house_price,student_grade,customer_id,record_id,transaction_id,constant_column,constant_number,almost_constant,mostly_missing,extremely_missing,income_skewed,wealth_skewed,popularity_skewed,sales_moderate_skew,purchase_timestamp,purchase_year,purchase_month,purchase_day,purchase_weekday,category_code,product_type_code,is_premium,quality_level,base_metric,duplicate_metric_1,duplicate_metric_2,duplicate_metric_3,temperature_celsius,temperature_fahrenheit,length,width,price_per_unit,quantity,feature_with_outliers,positive_with_negative_outliers,x_linear,y_quadratic,z_cubic,score_or_category,tiny_feature,huge_feature,percentage,normalized,customer_age,annual_income,study_hours,iq_score,binary_like,weird_distribution,periodic_feature
258171.20467291662,83.51875408233752,100001.0,1.0,691291.0,42,999,1,,,18190.580776178118,3120.535606330202,99.00099334071122,4195.869113999394,,2023.0,8.0,2.0,2.0,2.0,7.0,0.0,2.0,852.5711158116244,852.3884512979807,933.4708800607615,903.695791140545,4.821835644947022,40.679304160904636,8.438096875786197,8.752701352222237,55.68078499532005,79.0,100.46908342790064,43.593090159936594,1.1211321961542409,,,3.0,0.001117756754021859,1064459.71124415,51.90810304941126,0.3180148290435749,79.0,66245.79006454838,5.540338999672142,86.30140568535715,0.0,-56.38107902913427,-0.10885719962389764
236592.7561674791,91.69046340538026,100002.0,2.0,820716.0,42,999,1,,,4153.264166870211,75613.21864695278,1026.83042715973,6035.278056673703,1597550400.0,2020.0,8.0,16.0,6.0,16.0,,1.0,,,1078.9651712228879,1193.1741062894441,1124.3395450429086,,51.84428140046734,9.964969638832638,7.784054361575723,59.836558022777595,44.0,115.77484986236323,46.91494547181365,0.05431559022141818,0.21230891618774994,0.6154853828604989,99.0,0.001075219002225128,976686.2944684756,1.1812125771586968,-0.6088779572525203,,48507.060333852976,5.71106501506995,88.65032240982548,0.0,-43.92531059803388,-0.052839315898653955
232252.21452499277,100.0,100003.0,3.0,867379.0,42,999,1,,,27554.4285824384,178877.74219693473,,3494.7045194239035,1582261200.0,2020.0,2.0,21.0,4.0,45.0,4.0,,4.0,,,1036.8495452918526,981.0993176499313,9.680247584893355,49.42444565280804,,6.5339369810085515,52.33004620487686,9.0,94.92464526475958,36.29159363534367,-0.8905010716769539,-0.5720416437168838,-1.8454280517471227,3.0,0.001183808348284667,1166954.3312240874,66.51595898791827,0.09648186299098938,32.0,248093.05043786368,6.66886927529002,94.42817596325197,0.0,-44.96268289699276,-0.08834509633064173
217540.30651862986,100.0,,4.0,546008.0,42,999,1,,,67739.84842918845,9408.689096303215,200295.811687705,6306.027599782413,,2021.0,7.0,17.0,5.0,37.0,1.0,,2.0,734.4029920696771,726.8901753790333,814.8751238147801,760.6024025203562,20.022215808329026,68.03998845499225,11.238908996054914,7.955944250037123,,71.0,,49.771116438109615,0.9204696723244827,4.525993102019422,,25.0,0.0009794614040994187,984992.8075682098,32.614762252573506,0.03663407214980774,55.0,62575.21297637244,7.172436008892943,110.58269295597384,0.0,-46.327050589778345,0.2263875531008251
158751.73779056914,100.0,100005.0,5.0,584267.0,42,999,1,,,6391.745743801646,44387.05894290492,17950.805977834905,2065.9063635308735,,2021.0,5.0,16.0,6.0,1.0,1.0,1.0,,905.3696980440388,891.6130947491496,986.2648422824024,963.635702567689,7.089568642581906,44.76122355664743,7.120767759057728,8.868532174493883,66.55041724312026,31.0,917.732679775345,58.474941173246904,1.7723301990441414,11.103041938375592,1.6360142329722143,10.0,0.0009013387743879255,949161.392005394,77.93750926715963,0.23442799927012614,24.0,100296.15244392924,7.717820541652195,116.27268443866775,0.0,-55.82971403296854,
,69.01191690437871,100006.0,6.0,913687.0,42,999,1,,,78398.24132889992,50918.954392121086,18186.29696205529,1233.21326612517,1617336000.0,2021.0,,2.0,4.0,72.0,4.0,0.0,2.0,1182.0281695477574,1172.6963594838098,1311.117605314135,1233.1557587946977,,82.65909218744528,11.697768036808311,9.189559514969124,39.052785930444585,99.0,105.33463476963705,58.28044000659572,0.14847982309026658,0.16768712230289384,1.7051846106875768,3.0,0.0010494548188215579,,94.16233151992441,-0.7232203752585684,,95841.38736789899,3.6105401063010305,91.55330052301888,0.0,-43.305477180736254,0.1263069559171324
211300.95380504828,100.0,,7.0,699914.0,42,999,1,,,1166.521550267104,263498.12201377295,1681.5318334176727,155.10498873962615,1602475200.0,2020.0,10.0,12.0,0.0,82.0,6.0,0.0,,1028.009923776323,,1123.863417947808,1063.1260788338375,21.015545214468453,69.82798138604322,9.78887513016812,8.52770701426269,48.60107766366278,67.0,78.9077950090996,64.66642104481389,-0.0913377671955107,-0.662902299860302,-0.017778210196679883,10.0,0.0010834189522774566,1159712.7930700134,39.0372321159284,0.9722317507731948,,164423.13423304338,8.231490236685282,93.90529060689735,0.0,-46.80200982589301,0.21321740301229908
274590.00379937235,39.659004146692624,100008.0,8.0,940893.0,42,999,1,,,64273.03436668281,2014.9932996090974,354.2263109149837,,1595908800.0,2020.0,7.0,,1.0,14.0,4.0,,3.0,1049.144547492787,1058.9349228481876,1137.9774878023666,1099.0473856116155,18.03448164544013,64.46206696179223,9.291690532950872,13.4668628728592,71.57240337972904,15.0,111.17795049901814,46.22034009052115,0.9303791467843535,4.410407164665724,-0.36428752713760437,100.0,0.0011082591555202997,931110.6834784609,53.338415377135505,-0.9255023913054785,65.0,46233.163298368316,2.1738232244278444,87.39562812719038,0.0,-54.43205300512463,0.3659126288369513
200834.99930381132,100.0,100009.0,9.0,817750.0,42,999,1,,,29032.621629864792,2806.0807633360528,1251965.323202543,10297.285444478639,1697515200.0,2023.0,10.0,17.0,1.0,21.0,,,1.0,811.9991556213413,794.063605768644,897.6425132758933,882.9624366570479,17.32792410949569,63.19026339709224,9.513466327989919,4.542405745768018,56.595756773090926,94.0,65.8460907877978,47.98395946343696,-1.4329997799851941,-0.8792109127961331,-8.117476077455256,10.0,0.0010936394618325507,1112721.1702259758,32.33496095641176,0.6131039703754662,,64659.52065279108,8.414351597480968,129.82668003425363,0.0,-49.14245594648011,0.09306683670575608
175080.54909409967,100.0,100010.0,10.0,856605.0,42,999,1,,,19540.806513493226,8256.311563534156,209.5058438597204,3199.753343643945,1674277200.0,2023.0,1.0,21.0,5.0,94.0,6.0,,2.0,1069.4856574460703,1081.6170956628969,1188.6460913973417,1131.8923119424685,30.56848930078745,87.02328074141741,8.1220856568705,7.217719191850899,40.41449791231456,,113.6875810679565,80.66423227700929,-0.575488962304381,-0.4253097145197675,-0.1441729126018112,3.0,0.00102083967657764,1007894.3277103934,18.827566154147057,-0.802738526270512,53.0,50057.59283650546,7.625452438570154,90.48606164699395,0.0,-55.930114385092466,0.3016047723281404
200565.8378560772,84.62097473806692,100011.0,11.0,534908.0,42,999,1,,,139257.51603680057,13755.683256062039,381.5190087412239,3146.303856361431,1593230400.0,2020.0,6.0,27.0,5.0,66.0,2.0,1.0,2.0,,941.093718250064,1047.8946785877113,1015.3733240156151,15.341280813484229,59.61430546427161,14.585877853681268,9.368020163027964,,,98.35329405358759,60.201261556085825,-0.5378653939966845,-1.6128410761016723,-1.221616626685293,,0.0010052584105685245,895013.1689092666,22.175921328892134,-0.4271270779468077,30.0,30492.439240446245,4.833831104814305,100.83863649241364,0.0,-51.566237573642994,0.29866768936167654
197436.04803001025,,100012.0,12.0,681778.0,42,999,1,,,53801.05401926305,6405.250860574583,37012.365778523956,1619.4142606332703,1682308800.0,2023.0,4.0,24.0,0.0,,7.0,0.0,3.0,996.9040366786867,,1112.3367030109168,1042.886257607561,11.191507489687634,52.14471348143774,12.044497431095765,6.373982088398778,58.6947184263931,75.0,,54.31216959288534,0.2783402487464167,0.5946842422888219,-0.5168258654645771,100.0,0.000817164065685286,985520.60835402,,,58.0,49920.89128068096,2.8729395453830047,89.4299629576497,0.0,-51.14209031981647,0.22844899371081667
126231.60637588742,91.72589237617639,,13.0,945249.0,42,999,1,,,,1108.2344828905916,30733814.459420275,,1652500800.0,2022.0,,14.0,5.0,49.0,,1.0,3.0,909.7642380116872,901.6703783354235,994.2510894609502,956.0818521498818,12.439421675257762,54.39095901546397,9.329347446687892,6.845522591117835,52.46153304175513,87.0,106.53918001188414,52.705988284649735,0.24888188896058955,0.5593527037646854,-1.2535193947017436,100.0,0.0010379812678626415,787156.5693401599,17.34693050047874,0.1894562488240208,19.0,58238.50372011363,5.505953876425005,104.67136938420887,0.0,-50.8766538863868,0.19262777392423597
170080.51257103836,,100014.0,14.0,974294.0,42,999,1,,,10211.270860660825,2940.6013557832903,2018.7382422650333,2621.56169083624,1583470800.0,2020.0,,6.0,4.0,51.0,5.0,0.0,4.0,971.4942623306084,995.9354340773544,1055.538827857892,1014.3756019009058,21.648235511346464,70.96682392042364,,9.343388234733427,45.7764082820527,52.0,,55.98925330699093,-0.5575209971572288,-0.7707667919469735,-1.6973965117734278,10.0,0.0011144181988065093,1185219.2031114376,63.724930386790845,0.5546394184269812,33.0,81129.18277380324,5.9070309515395625,105.77535965177114,0.0,-49.68942548410135,0.42196181538856914
143828.44977580616,,100015.0,15.0,908489.0,42,999,1,,,12091.114720429912,15668.147692903238,83017.54645339833,5486.709651435054,1583125200.0,2020.0,,2.0,0.0,75.0,6.0,0.0,4.0,922.4389144806725,914.0839218511375,1050.300426401544,977.7427412520778,26.783080737078883,80.20954532674199,13.451668712984153,5.561320973534864,69.72658504727121,,102.41239434609665,61.88571029391696,-0.7096685816218179,-0.9703565805619395,-2.243084854156983,100.0,0.001032367956780467,1006476.5217657065,59.31655404804541,0.7965758047795664,27.0,30353.275123210242,5.437535236371678,,0.0,-51.190431635371574,
248909.90198864436,100.0,100016.0,,736816.0,42,999,1,,,42169.86787241561,23703.84400636151,,3041.9051570611505,1594353600.0,2020.0,,10.0,4.0,95.0,2.0,0.0,3.0,712.1407064128512,697.6825268442525,768.7224003668359,734.9448587657853,16.177325385744304,61.11918569433975,12.950670656149436,,70.26197141700585,90.0,101.738115540068,66.69836500450216,,-1.0344739116307031,-1.1108736719937458,99.0,0.000618238632921983,780797.5440342894,38.222497196393604,-0.043205894310091475,74.0,40538.95303826409,6.204294506438467,90.25215429442817,0.0,-50.994934232380686,0.4122868715880329
306902.5820021948,98.3371919852186,100017.0,17.0,788119.0,42,999,1,,,21689.382393648124,182556.6574224252,20202415.016402945,590.1042837734764,1616472000.0,2021.0,3.0,23.0,1.0,7.0,7.0,0.0,3.0,892.4426011221203,880.7700643769767,982.0372367361338,919.4782338575924,19.94953317924491,67.90915972264084,11.381820396613264,7.855013081829057,54.042249660620136,55.0,118.85751076933226,51.76275591390266,0.28315772172276343,1.2952917800848702,1.6059587535762974,1.0,0.0010407532507801375,1136305.6510001163,,0.9954010592266165,66.0,242949.7032303027,,74.82296429037953,0.0,,0.3420448509831256
213123.21775776029,81.46478789028244,100018.0,18.0,501732.0,42,999,1,,,1272.2327729806666,3079.396493869788,274848.9932738994,2678.133006909433,1618977600.0,2021.0,4.0,21.0,2.0,22.0,4.0,0.0,2.0,,920.8822398686008,982.5263552191911,946.1310083469517,28.406642084015935,83.13195575122869,10.271677390847385,6.7611682613206545,48.68917560035791,54.0,52.90665101320761,38.73627278902538,-0.18405381133152876,-0.3579078761683009,0.9660828146069994,100.0,0.0009128613771746963,844026.4533830842,8.879531320798984,0.16581737791363382,39.0,84085.2687286995,5.437355061536069,87.75290786461161,0.0,-50.49181247521429,0.41688583893643366
231068.00263767486,48.0925255778257,100019.0,,724430.0,42,999,1,,,115603.02501202158,14864.786837815755,6036.702394649603,6426.841682229882,1667188800.0,2022.0,10.0,31.0,0.0,29.0,2.0,0.0,3.0,1328.5809792895138,,1485.0524010243548,1389.6752424835681,18.69124629875055,65.64424333775099,10.238711095007778,5.664361152526661,54.2825333920723,85.0,77.05989173374888,,0.518500689156324,2.053953694514759,-0.6515905603109733,100.0,0.0011122009967452578,852878.4265466428,61.942693514290184,-0.49012624243915837,72.0,53024.40047765628,1.5789921767302726,97.05601700000166,,-56.60121561777774,0.37333082032149706
160668.94580891787,98.68804529621033,100020.0,20.0,761969.0,42,999,1,,,28559.26884243154,,18145.60021627474,7494.407800234088,1684296000.0,2023.0,5.0,17.0,2.0,5.0,3.0,1.0,3.0,1225.4599747302782,1210.3378774093492,1327.755305832692,1277.1024333346768,13.162030288325345,55.69165451898562,10.984278327890454,9.00043758223319,60.325979029795896,73.0,104.75231655987719,59.64779656960751,0.27355644208089147,1.321293981842637,-1.16268897051886,1.0,,1037579.2694605609,24.88320650576329,0.43584108869694593,28.0,37963.14677445258,5.632881524278194,112.39602889952215,0.0,-48.15010171564512,0.49605094421166274
226067.5265933919,62.92631245839142,,21.0,922754.0,42,999,1,,,32719.775253299806,13489.642480653898,1782018.4656830537,2962.366343057333,1582520400.0,2020.0,2.0,24.0,0.0,24.0,,0.0,4.0,802.1614891366683,813.2096046862401,891.511867957111,858.20484391018,13.241524768948993,55.834744584108186,11.266127926185547,8.047850573651607,50.54637202617353,21.0,67.55309127806677,,,,-2.557359495941596,100.0,0.000974446311537188,1011715.6449861561,,-0.7790615804477465,57.0,92072.5068286116,4.130497666334215,98.28774275342758,0.0,,0.628019850664854
262008.30728079364,41.298721095604954,100022.0,22.0,919908.0,42,999,1,,,107135.96481330767,1472.148590657341,9.857438444884403,,1677128400.0,2023.0,2.0,23.0,3.0,99.0,5.0,0.0,3.0,806.721227563155,824.5613652462484,869.7253453863156,871.716165628246,29.92323969311304,85.86183144760346,14.00498532550044,10.081014266637606,56.81319626558386,69.0,87.30542905433934,37.969120495101066,,,1.3520055380787073,2.0,0.0011845804279075778,975644.6280355249,76.70356287067382,-0.7326023172282619,38.0,,1.5280269416223389,93.580501526607,0.0,,0.6400374974547206
215767.5088437097,36.6551214095639,100023.0,23.0,,42,999,1,,,111096.64066203102,39959.25892007939,18559.80585703739,1946.791736361636,1613019600.0,2021.0,,11.0,3.0,65.0,3.0,1.0,4.0,1182.2474919809697,1199.1314075429418,1318.266588692118,1213.629647012219,30.249840322509435,86.44971258051699,9.20671004513728,6.027127626187076,57.34272546527285,50.0,100.82888410579221,40.31261237950254,0.6599157627739479,3.8556998657347066,0.9818189608708672,3.0,0.0011480554295385985,964316.1875265688,79.07579922608502,0.11146871012477533,52.0,98648.53817540348,2.347389859748894,76.89011478945909,0.0,-56.089654462935144,
239529.11069993378,100.0,100024.0,24.0,553958.0,42,999,1,,,69909.16276923048,939846.3756921279,30993.90584726257,1366.7782667592369,,2023.0,8.0,23.0,,23.0,7.0,0.0,2.0,1168.2665136977832,1184.290778410284,,1208.2265203969064,8.701302790376728,,11.531540657208154,8.170714926953565,,4.0,134.21686577840651,40.17482528906459,-1.4667787030773125,0.5717350947043365,-8.148953561711808,,0.0008447908553060371,773673.1847871083,88.33539188886253,0.9334520937414865,72.0,,6.71701259979452,114.95089777558135,0.0,-50.70489755849305,0.6518448193202253
172862.0993534245,76.13004745661736,100025.0,25.0,916963.0,42,999,1,,,99181.77092132035,982.1717700457032,59682.78902335539,3826.6916214716493,1701925200.0,2023.0,12.0,,3.0,33.0,5.0,0.0,4.0,979.5975467107157,975.6654941256049,1073.1215718858803,1065.186447375239,14.88095247877169,58.78571446178904,8.336395668416639,5.552103691194715,52.37790295713374,61.0,87.37886704748956,53.429990244830336,-1.62533622906084,-0.3927999973596775,-11.5960802055904,100.0,0.0009378375701330272,926935.8728440562,31.370897972842315,-0.4143952662656034,55.0,36850.06435539597,5.063457468807798,98.5436047918078,0.0,-49.31687303316037,0.4283628851248084
191793.4664156919,54.0587330607847,100026.0,26.0,980425.0,42,999,1,,,17593.30431600555,709488.8498491478,516.5524029538016,2235.8217356494542,1674277200.0,2023.0,1.0,21.0,5.0,19.0,3.0,0.0,3.0,938.5143377371013,942.8557181244759,1061.7939077519986,980.6655218660117,22.280991086311417,72.10578395536055,6.68856108112225,8.99184404224695,53.397153210621596,25.0,72.61586369807311,37.307599247112215,1.2991051194735705,7.594157700074117,-0.21792252321382305,1.0,0.0009019213497056208,1279954.5998739065,55.68902052118231,0.6307089827556858,53.0,122158.43026743762,3.672578533427971,91.49492925457909,0.0,-52.01986944484037,0.5527127863996338
223581.440258366,100.0,100027.0,27.0,841737.0,42,999,1,,,3148.146107992899,19073.191367850643,973.8831091420839,5209.267634957441,1652068800.0,2022.0,5.0,9.0,0.0,50.0,6.0,1.0,2.0,1460.3676980244213,,1640.9976622383124,1506.5695184821661,31.2789305667435,88.3020750201383,8.377463570818842,7.6322594813286715,40.219361213083175,14.0,107.67273340663483,43.457818497560964,0.8484307824884428,3.7487872959598993,0.06107509492153333,1.0,,1053262.2622722874,,0.05883986010273312,,73880.34393228457,7.667788541728249,116.69760961927925,0.0,-47.14219984873997,0.6459350634526703
112216.89364803505,,100028.0,28.0,602802.0,42,999,1,,,103547.80865468452,,,1907.346542845839,1616817600.0,2021.0,3.0,27.0,5.0,45.0,2.0,1.0,3.0,940.4632768595727,936.1486356048882,1042.0197703477932,995.8805357287376,19.399169305344877,66.91850474962078,5.910794290981441,4.573367241222707,,22.0,81.06757476311886,39.39470865326992,0.054962537373859206,-0.11321516722785685,,3.0,0.0010331079633073648,927461.3976915141,68.05131667679117,-0.348367258191947,28.0,87439.2746099318,6.025498507103776,112.27789874577411,0.0,-48.53368257719124,
206510.27869786232,100.0,100029.0,29.0,922241.0,42,999,1,,,,165172.28746738384,684.4645327367836,3064.1227457596283,1657252800.0,2022.0,7.0,8.0,4.0,97.0,4.0,0.0,3.0,782.6461163444521,,843.2250889734797,849.3122633776087,,95.2837005170556,9.771406805611177,5.0748649469226805,62.891786913027545,76.0,117.2387998943477,40.907069570598594,-0.5369016180152472,-0.86534886576456,-0.730201010367775,10.0,0.0008682408602993445,954813.9781652072,92.43120193004899,-0.284418129925883,69.0,56757.04075190631,8.244454043103993,114.84404700247852,,-50.47094474338136,0.7082617743956885
,80.74310255122046,100030.0,,858687.0,42,999,1,,,72281.53407990484,9787.048609583906,95.58097362637463,5088.616995667003,1682049600.0,2023.0,4.0,21.0,4.0,28.0,3.0,,2.0,1205.0333707630627,1200.6729430676312,1341.3312244723625,1273.7713965682738,25.140625455408692,77.25312581973564,12.22383555525476,,51.27883818123551,89.0,95.38809889664802,52.57388605036977,0.323497440538374,0.7897981604974393,-0.36729767212415054,100.0,0.0009342988282620111,994323.2707988785,52.55767161235577,-0.36684688546626343,73.0,57040.2006721257,5.401658802590864,89.27886258071254,0.0,-43.36339738568676,
132149.5695576813,95.78536128084791,100031.0,31.0,959106.0,42,999,1,,,201069.5332678691,9539.403134673836,1321.374972377666,,1627012800.0,2021.0,7.0,23.0,4.0,97.0,6.0,0.0,,929.7458284200738,938.6046074608639,1007.4018857660028,967.3694813513202,23.72563247264773,74.70613845076592,9.907290997098105,7.875773340413918,28.158267631685987,32.0,107.33582524471575,44.55240216098989,-1.0251487372674781,-0.7262999844904283,-4.378189796686024,100.0,0.000868039353326345,870840.7051444356,,0.7222595834044496,21.0,62450.544285905315,5.980972244435493,103.27924953018181,0.0,-58.291632990447376,0.5312899696990171
289282.5305340258,98.14046904980322,100032.0,32.0,895089.0,42,999,1,,,3716.9252420673224,12769.42838795499,72528.58692797656,6745.493703822946,1578978000.0,2020.0,1.0,14.0,1.0,3.0,3.0,1.0,1.0,,743.8190754890948,817.0133379677495,802.46883327786,14.948342298585118,,13.304723772864532,9.77638894493855,47.21442174621364,,118.01849586790419,45.92412177301368,-0.4229954245250771,,0.6357215305276682,25.0,0.0006960090559820506,1000445.3563661383,32.244399972489376,0.34714921382162744,60.0,48753.9158228006,,130.46854880109134,0.0,,0.5810184628501481
267467.4741155391,100.0,100033.0,33.0,901446.0,42,999,1,,,,12816.341384723804,11601.62598698232,2569.1404631046594,,2020.0,11.0,22.0,6.0,43.0,3.0,0.0,3.0,1018.7154109004429,1014.3759774322378,1109.0016233554738,1068.1482773730706,9.89291297838525,49.80724336109345,9.494515700034675,9.180288320460736,56.580622413006544,96.0,,,-0.26842840712682026,-0.3736614851156813,0.6747945778910462,25.0,0.001037087193195573,970943.2973008559,,0.8879439507134985,71.0,63961.46428898017,6.287895797193038,106.61085132728417,0.0,-47.43002987262882,0.7680692861780949
135830.9801796059,53.335812602844186,100034.0,34.0,914796.0,42,999,1,,,32065.586277640694,264129.6890739611,3516.608662104729,2211.447780831579,1701320400.0,2023.0,11.0,30.0,3.0,,6.0,0.0,4.0,1238.706416894496,1228.7485985565536,1381.9684924089208,1275.2502610623094,15.216405876193566,59.38953057714842,10.90133976950806,6.145501018873522,48.50231667340632,,74.3710918028106,55.26234341101198,-0.27025036714618705,-2.0237126388539437,-0.393452846679436,10.0,0.0011382543092617616,895233.9264518544,18.082391041664337,0.9415231896243705,18.0,71766.27565817442,,,0.0,,0.7299667194142485
133980.5342748433,62.710670648414684,100035.0,35.0,681097.0,42,999,1,,,8308.459033282155,4140.813035310325,186.54496926897957,5148.353730929757,1652587200.0,2022.0,5.0,15.0,6.0,,7.0,1.0,3.0,,1060.3869990213843,1132.9465097521315,1106.3824265682977,-1.203029678177412,29.83454657928066,8.066967066503052,,43.63052382066363,16.0,97.4758624981821,,0.5249354028787396,1.1324643321760484,0.804839534561212,10.0,0.0011022720561685779,1024572.258693179,50.2591460067278,0.5349318969672605,32.0,90527.69625457407,3.5274915586611986,104.03411104172866,0.0,-54.9454698435014,0.7091284547173887
209912.41754672278,68.94214996397913,100036.0,36.0,883910.0,42,999,1,,,15737.820936795055,16399.821919308793,322.41687070290135,766.9037868087407,1637989200.0,2021.0,11.0,27.0,5.0,68.0,4.0,0.0,3.0,890.9145593807724,889.0248581828837,975.047050688613,919.7829805698542,11.931715884479908,53.477088592063836,7.860483145157444,7.810226554536315,61.1518606927919,69.0,99.62928466737743,,0.947712826472894,4.2475215456615825,-1.0553111531809298,99.0,0.0010734860972336558,986263.2774940998,89.45623246638775,0.8788866402559738,59.0,59626.548710282135,,107.72660142645847,0.0,,0.9425191742172228
259529.08775205133,58.267061816261645,100037.0,37.0,882204.0,42,999,1,,,38835.676563791945,105533.24118370014,925.605565828494,2694.58136433115,1627012800.0,2021.0,7.0,23.0,4.0,81.0,2.0,1.0,2.0,1195.4456364576697,1178.0086370288425,1302.303565479007,1256.803940791589,21.954756915659896,71.51856244818781,12.550522048659985,10.383804930911102,58.93425919268677,24.0,105.53403211123369,70.5477017879021,1.4457055567293076,8.676514429830736,,25.0,0.000964572594739161,939317.5928058464,31.957553909401415,0.5144163294589492,57.0,31026.64749219055,2.4871060299534435,,0.0,-54.857341087316605,0.8207989638579649
195790.24249451823,100.0,100038.0,38.0,872023.0,42,999,1,,,178231.232877536,19358.096460929395,1761.0920011854341,7243.549670948047,,2020.0,11.0,14.0,5.0,7.0,3.0,0.0,4.0,804.2770901103845,805.8646025752952,871.2825098140498,843.9830200873729,34.372137555606315,93.86984760009136,10.127648430116789,9.48369953465384,69.94635931467111,57.0,109.84397802478527,43.73581730409423,,0.40486391631452356,0.6784845209468863,99.0,0.0010063737727704183,1026997.6287599423,,0.5040924136749041,31.0,49733.180239344016,6.5040503428687,126.47666659744584,0.0,-51.482558359892145,0.842132368032983
183054.06941149948,65.37950087294698,,,,42,999,1,,,39547.477034561314,80919.66671270943,3047.306760678266,4165.393988486795,1615867200.0,2021.0,3.0,16.0,1.0,55.0,2.0,1.0,2.0,,,1063.5960980884888,1076.0543913458082,14.414746861201435,57.94654435016258,11.43006361418617,,42.75532020222031,2.0,96.24344035614871,55.183214734301615,-0.4437169584209494,-1.0162836174770467,-2.4702368804581614,1.0,0.0009511482518243003,957800.853013554,34.52780984107674,0.43916830166556164,27.0,83944.47838394724,3.1856489928796536,119.28911165153914,1.0,-51.547441194131615,0.715497949228494
212905.87159148545,100.0,100040.0,40.0,545348.0,42,999,1,,,45273.65638077067,20048.12963723916,12529.070862542043,1171.1390140610313,1637384400.0,2021.0,11.0,20.0,5.0,51.0,5.0,,3.0,1123.5473753720548,1126.9664115998344,1216.8015510812725,,,64.7167528155889,9.360116441064726,,48.5187987135742,,82.44777152296221,59.162060941194724,0.0019854673143272065,0.365169176976397,0.2773156316778686,2.0,,1040862.2388769932,57.09315877060502,,67.0,,6.269298638897006,127.03816594446992,0.0,-60.13566101579576,0.7531340981913277
238579.73814432923,78.68367646621634,100041.0,41.0,,42,999,1,,,13199.241215465494,17131.43248773457,645.5894596347223,3579.590372047815,1595908800.0,2020.0,7.0,28.0,1.0,50.0,6.0,1.0,4.0,848.879102205689,847.9725494039365,945.0187772591161,,42.254356225222004,108.05784120539961,11.034327643620566,7.039039867056623,39.947486280261714,97.0,122.5799960708361,51.25423850592546,1.1685105771795998,6.461687848521945,-0.21693608006537324,2.0,0.0009883088584948828,1104507.9675011514,68.55496450661042,-0.482433833526388,52.0,58632.97386447924,4.528203546679045,98.57503397611181,0.0,-47.45327547475358,0.8433399978935586
162466.16373621603,49.01331269721051,100042.0,42.0,932117.0,42,999,1,,,3071.3751147073112,63677.05066574172,36067.75613185719,12987.79942575688,1594180800.0,2020.0,7.0,8.0,,83.0,5.0,0.0,3.0,,1256.7147390977427,1396.4215953085532,1311.5960630660798,27.387085931021232,81.29675467583822,8.346323526749956,7.967272083618474,58.13572205456431,95.0,41.80631103946812,47.732219829013765,-0.5556578901143262,,,100.0,0.0009289282858194491,,84.92154089156233,-0.5964001595409176,34.0,,3.8785241277426756,95.16579107896493,0.0,-53.20106098104979,0.8734134224973896
213807.35575501493,92.55833959398396,100043.0,43.0,633022.0,42,999,1,,,81737.87629714255,73364.1782118532,32325.776099282848,1751.0358038396735,1645074000.0,2022.0,2.0,,3.0,,3.0,0.0,3.0,773.5652166101393,769.5019415433061,867.2322457345347,803.3746204813513,12.191443079015565,53.94459754222802,10.941695931385407,8.027600084150224,57.47926151165651,3.0,91.49505992274347,44.33339416430441,0.01558783776361097,0.4981841895990652,-0.9530983519871323,100.0,0.001114337624965674,969339.7117456727,96.49160163893676,-0.9395081122151965,43.0,91510.3727692893,5.568283745453872,108.29547400569176,0.0,-46.65888301991576,0.7862595230006124
201475.81810800426,62.610951900991786,100044.0,44.0,632488.0,42,999,1,,,,108850.52297901291,2315.1498326225333,1663.2699132560642,1594958400.0,2020.0,,17.0,4.0,17.0,1.0,1.0,1.0,1129.3737179897046,1136.583177900257,1258.774688387244,1205.593240173273,,86.13737240271043,9.460868539184673,9.787252384225022,48.94992508657352,86.0,97.62421170504568,47.01271864439232,-0.18887256040163236,-0.5655942565776763,-1.6015167561101782,1.0,0.0010840618637180475,924919.8614915883,70.71581742453968,0.07396055306548477,34.0,66529.56241225713,1.8281492067722565,,1.0,-44.805903174562935,0.8138461490494078
205687.86745076784,100.0,100045.0,45.0,611031.0,42,999,1,,,51833.738656922804,15306.221987989937,,12307.621230273235,1641358800.0,2022.0,1.0,5.0,2.0,76.0,7.0,0.0,2.0,838.0144994653235,,930.7168386981872,889.1684314126726,26.46126913458004,79.63028444224408,,7.606997246251388,50.75689232750633,97.0,,56.390441163734614,0.1889050018589248,1.0438809616828477,0.05178334842938567,,0.0010127739449071484,974141.9328425503,12.293369050545488,0.5863276342345021,45.0,89246.9229762783,7.222209802838845,,,-47.04672391632732,0.9003894194064161
266227.5336100494,100.0,,46.0,503481.0,42,999,1,,,70588.07268617637,16873.349868363646,,9305.57892293188,1638680400.0,2021.0,12.0,5.0,6.0,27.0,,0.0,3.0,,934.3764636751131,1008.0631547270118,1023.5544313167314,,45.60534870574287,11.119146922409797,8.849835904177324,28.05746693707836,68.0,60.47937338347751,45.2911142144833,0.3298416921938932,1.6819969582600693,-0.4346227152347929,10.0,0.0011341658163057271,864878.8373509843,58.88733174503253,0.28610313720581426,58.0,168964.91262500914,7.607163998133464,93.1416159036657,1.0,-42.54543809187213,0.8454645674609288
240167.56413384934,100.0,,47.0,774261.0,42,999,1,,,2231.555499235123,16241.138620955926,288.9117843982638,4148.997697369661,,2023.0,,21.0,6.0,53.0,1.0,0.0,3.0,939.9590607900533,947.5642506136157,1003.5024654530623,954.5201897405057,19.51570066325972,67.1282611938675,9.032165737351717,8.628292882867756,47.94305112628595,51.0,83.22245918993724,,0.6760115307471456,2.2567282167120304,1.308358806929193,1.0,0.0009716923263875659,901951.0067020874,,-0.564920511045798,69.0,39720.51305319055,7.085926879438584,110.74072440841745,0.0,-38.34300779590497,0.8647079103499646
197019.65534805076,63.1583354330588,100048.0,48.0,552722.0,42,999,1,,,,25311.793070867094,270.4398967098833,1454.901246650484,1624593600.0,2021.0,6.0,25.0,,10.0,1.0,0.0,,1188.3091167256448,1191.7102845298307,,1231.188394605188,17.580072934148767,63.64413128146778,6.383326259637331,9.66455385354506,53.4245027564579,87.0,73.24193855040578,,0.22075247538664708,0.40450051833447115,0.7668685634387967,100.0,0.0009444527902920351,956051.1497590427,16.057334676030756,0.4846694239538969,54.0,71039.60555018632,4.0717516802561695,80.67063751868614,0.0,-48.65196030674474,
165428.68003601363,52.42211384519947,100049.0,49.0,693030.0,42,999,1,,,,,401.12317460887016,4718.998348513565,1585454400.0,2020.0,3.0,29.0,6.0,53.0,7.0,0.0,3.0,1011.8780801100154,1018.9065763619666,1092.0082955682344,1058.7474963544782,16.663884613957634,61.994992305123745,14.536910331317127,6.585353371896083,51.07784996330087,50.0,96.63864833439078,47.0481704468031,0.07880113804999735,0.13547534192463534,0.7365134192079038,100.0,0.0010638227024412613,1064367.8170256016,74.31897918823005,,28.0,,,76.9823636703345,0.0,-54.80270145140144,0.9976414051545887
215274.30394252992,72.78978868637104,100050.0,50.0,888723.0,42,999,1,,,221763.75890973432,26191.183455220747,7537.7407243863445,5168.881985669564,1659067200.0,2022.0,7.0,29.0,4.0,32.0,1.0,0.0,3.0,588.627470165239,589.2384585689821,650.1987402919839,654.8629736951858,,72.91480224192259,5.095585669479959,8.510710240254722,46.6518696122226,4.0,102.81691352033434,65.19523208280431,1.2211413313093515,6.492038472662948,0.8561858267263311,25.0,,1097978.4071090594,11.59225041170483,0.6902633588257745,63.0,102518.7600461862,4.962711335781461,97.55770993027771,0.0,-52.52446916969542,0.8586392445543917
270880.91745254886,76.01134600544717,100051.0,51.0,610917.0,42,999,1,,,96335.38093003127,,477.3296344515574,2014.7965949771215,1672722000.0,2023.0,1.0,3.0,1.0,21.0,2.0,1.0,3.0,1318.15345590303,1307.9608823023716,1453.5777004012211,1363.763782622215,19.370094403261156,66.86616992587008,10.406171668313494,7.180876190174244,54.19612671329905,17.0,110.24950369958613,66.73383094315358,-1.3707499056270704,-0.18517604923743888,-8.229824892123236,1.0,0.0009736262661466206,966937.7353861448,31.38200831901321,0.7862103272360528,74.0,105705.77292794205,3.0487957774446066,126.03211482092814,0.0,,0.71037013762625
233859.85847302128,58.40318029907412,100052.0,52.0,794982.0,42,999,1,,,75606.4093047487,33663.739792837914,12357.459893975863,2652.526747723005,1599883200.0,2020.0,9.0,12.0,5.0,4.0,5.0,0.0,2.0,945.0837849450461,952.0479193591206,1022.1650270238316,1001.7464735639411,20.662507686977808,69.19251383656005,8.814606480799354,6.26879169846352,48.90282002389611,70.0,112.74166599034378,,-0.9581406134336321,-1.415982842571435,-3.761959427265487,25.0,0.0011572571053821503,867188.0803140166,35.19514166984049,0.8833830607318967,70.0,104239.55365072905,1.1825556958300587,,0.0,-38.27028499601396,0.9931164894541202
206709.74780654747,53.671320322357275,100053.0,53.0,718004.0,42,999,1,,,11414.930361145829,78038.93279736968,926.2392955218852,4872.451792566036,1644814800.0,2022.0,2.0,14.0,0.0,,5.0,0.0,2.0,1129.7773964513992,1141.6750582075622,,1148.681915311324,6.162101218956915,43.091782194122445,10.862181391803656,7.327537962363747,51.56888214902037,11.0,1039.339612003591,50.743966460550254,-1.6962536441434686,0.387880263074451,-12.629522836008249,1.0,0.0011770156778072422,1042266.8348514823,,0.008273805695174108,45.0,120224.7091880552,3.5128351213403146,75.8805156059797,,-54.10290745271084,1.0931136013842158
,65.08140316254918,100054.0,54.0,620171.0,42,999,1,,,12744.265363421579,12615.082626567113,,2036.0191864092344,,,6.0,10.0,2.0,26.0,2.0,1.0,2.0,1375.7600568222144,1374.2989277128988,1488.6474491083022,1425.699967430418,19.637967519038533,67.34834153426937,11.029006682697467,9.059323551128344,46.655338854626294,34.0,120.16943892620338,49.964731342608495,0.2319971419273823,1.0246386578975177,1.1124098660958475,50.0,0.0010409133811994308,997229.9952413522,7.645350228990977,0.862117396244547,30.0,90258.31284737683,,92.41616792497821,0.0,-58.140457679247476,
205650.96758947903,100.0,100055.0,55.0,874590.0,42,999,1,,,133828.24169817576,30996.154406035825,3272.24431946793,6938.222903196918,1675486800.0,2023.0,2.0,4.0,5.0,82.0,2.0,0.0,4.0,821.0245169875581,815.1969621520527,900.9659982632515,866.6619381820151,,59.381016433738566,6.404274764230076,7.282731553054887,52.83146090067556,91.0,,55.59712540121507,-0.7143897379990074,,-2.709295370303579,1.0,0.0008615217479556844,1181352.1301702058,63.11177785026676,0.827649877776518,49.0,125502.65121564172,,104.17248518729647,,-48.76239835724012,0.9521036141776277
122455.92898094674,100.0,100056.0,56.0,979154.0,42,999,1,,,11286.203058981288,48609.28854650469,,2446.1495330415546,1629691200.0,2021.0,8.0,23.0,0.0,60.0,1.0,1.0,3.0,1020.7301715776523,1006.7030171078899,1107.0635771813572,1051.8564911394294,24.68074120680461,,11.139333806733939,5.065541365296017,49.520878575496994,70.0,75.2897586988953,,-1.1005406461200156,0.46405921577456266,,99.0,0.0010927544861323451,,44.89121703109639,-0.8086256263305225,19.0,88909.4475180532,6.795721109695463,103.0596897445729,0.0,-47.41960556529337,0.9099855079995748
250166.89568504348,64.04201482299071,100057.0,57.0,782407.0,42,999,1,,,40789.291631338776,11676.103480337588,12348.68190404798,,1689048000.0,2023.0,7.0,11.0,1.0,56.0,6.0,1.0,3.0,861.7135513145593,858.5415087558052,942.7222496391452,915.1707294735677,6.001969635028823,42.80354534305188,10.974695696304215,,,89.0,114.63426092988328,52.248768261553444,1.0765394364469805,6.37855590385306,-0.2326950083540667,25.0,0.0011195273255033458,965789.0473176786,44.998736089428846,0.5255924336032554,66.0,55472.457750898204,,129.6084755305657,0.0,-46.19635419250231,1.0157538826790224
,99.69497843022349,100058.0,58.0,677877.0,42,999,1,,,26912.9324050741,686054.0314887542,65239.63778157932,,1687233600.0,2023.0,6.0,,1.0,37.0,,0.0,2.0,980.3637987388412,1005.1110815224505,1077.412729453606,1042.9148100816954,27.222383276857162,81.00028989834288,8.128562554872754,5.329446745822232,51.52387138396457,54.0,66.12433088555412,48.13649200202574,0.6552317300811183,2.316792593864206,1.4087680741106807,3.0,0.0011055888314460112,885129.6970686399,68.54736939753766,0.06718837546549783,,155081.21638094465,6.752385395181863,91.72863040700594,0.0,-45.5231306562317,0.834794056369597
240120.6748096768,50.33588625877406,100059.0,59.0,,42,999,1,,,1753.868822109414,99589.09232528391,6981.374444871365,4400.455516194496,1641790800.0,2022.0,1.0,10.0,0.0,43.0,6.0,0.0,3.0,,,1339.4434831044211,1257.780771803666,33.484382657982565,92.27188878436861,,8.358041367072222,,39.0,106.45181815230085,51.17355542010577,1.4706893771676999,7.851111313499654,0.6793680413579344,3.0,0.0010489366718822058,,94.58855705449035,,62.0,85254.06496169059,3.215397095613861,89.09176476015644,0.0,-55.484044932264254,1.0540937978667941
,75.154379334564,100060.0,,713690.0,42,999,1,,,48757.713070817044,46752.05517628983,2271.6626264396255,2258.1264377033494,1679976000.0,,3.0,28.0,1.0,5.0,7.0,0.0,,,1316.1149730523118,1421.3687864659717,,19.040891115081678,66.27360400714701,8.87743625959649,9.342022985632479,34.41239240240242,91.0,,37.15695837138683,-0.17562221330785432,-0.8679412198175255,-1.4974492746070385,100.0,,1157377.1725570231,23.50452048089029,0.04548203651692462,53.0,90975.48528797856,4.5632358793405965,102.55523100156162,0.0,-46.42114142254654,0.9009012478512818
171862.64961364944,56.015478647634744,100061.0,,546591.0,42,999,1,,,53304.97201061192,951.4496575318645,2742.5767483089403,1770.6801655358356,,2021.0,1.0,28.0,3.0,95.0,7.0,1.0,3.0,1084.7737398234822,1084.2837692188348,1213.9105560058588,1142.2567099850708,12.037635364040433,53.66774365527278,10.87571679418353,,58.7644187340382,3.0,,46.88571656392987,-0.5474811276770198,,-1.9585988944590424,1.0,0.0011719745738788248,955851.9526024028,,-0.5557130788971922,46.0,37412.01403252011,1.6894170542016251,112.55600635766952,0.0,-46.823473781345776,1.0975998497789634
112035.95998976538,71.54277817242739,100062.0,62.0,567274.0,42,999,1,,,212059.8219275316,394.66153830596835,2474.9118140466385,1706.250189183927,1702443600.0,2023.0,12.0,13.0,2.0,4.0,3.0,,2.0,914.5535659320967,934.5544710305912,965.7544964737995,925.9870324089823,3.98171514518134,39.167087261326415,7.974858877383612,7.4126666482823085,39.32270171997614,44.0,114.46802005061953,65.28761438427327,-0.8132606357459281,-1.3774822764499346,-1.5716761416243576,10.0,0.001033693090085607,1007911.0179543372,69.40720075470126,0.19115757037731917,21.0,,5.473151111680255,77.44805190457427,0.0,-48.508205102577776,0.9104891496984597
150160.27730040392,84.42928981203575,100063.0,63.0,,42,999,1,,,55354.59512678572,,2816.7415133986538,4870.65579408692,1590120000.0,2020.0,,22.0,4.0,10.0,,1.0,3.0,1143.2833969537164,1152.7634598207185,1236.8407305072776,,22.32318446465775,72.18173203638395,9.977759005756358,,53.33584180396328,6.0,69.05389873754702,53.48480164039539,1.2948703427115575,7.017567025562857,1.4302035868235068,10.0,0.001041671929817607,905593.3787323919,43.58692237913042,-0.931164863445501,19.0,39356.44907402769,6.801091785982139,63.696682427622605,0.0,-54.032344912003836,0.8905841717597941
270745.9588977666,68.16617328314042,100064.0,64.0,678567.0,42,999,1,,,5575.592575108066,,4334.632242442841,4426.849136089329,1585886400.0,2020.0,,3.0,4.0,96.0,2.0,,1.0,634.9728674399337,648.0120190308306,707.0473145145357,664.9578963391397,18.880205006596164,65.9843690118731,,8.016918541295404,60.46655203690303,80.0,112.90371507941917,52.36223070639249,-0.18127768772124161,-0.00644156728687495,0.03794246739155588,10.0,0.0007380987955860553,969900.47616262,39.446213275255815,-0.03733534875112543,76.0,36346.99616045307,4.239580511657973,101.0705607328714,,-43.070941682047675,0.9024713193722035
237438.71258379647,100.0,100065.0,65.0,562296.0,42,999,1,,,26878.712954446448,112000.92618238783,10252.655610350319,4772.151976202375,1694836800.0,2023.0,9.0,16.0,5.0,,6.0,0.0,2.0,1057.6259246022018,1063.55623566748,1172.4848938111506,1096.1379655913695,17.756231267447617,63.96121628140571,,8.24803078313117,53.9681819049158,,82.43913861205364,62.162712902107536,1.9620038187223743,13.272750133360358,2.5709992980150265,99.0,0.0008670507619417853,942992.0556858755,49.52837407348382,0.32659138242799,61.0,44386.08015107826,6.876325506531406,81.60408082747543,0.0,-51.22585558681756,1.0621644489146205
229911.282575148,90.09566414932286,100066.0,66.0,878124.0,42,999,1,,,67262.73438634702,3676.1686614328473,1862.6719881983438,6061.335242675251,1618113600.0,2021.0,4.0,,,70.0,4.0,0.0,2.0,1628.8283747908097,1628.7740545318131,1779.461632665066,1701.6495388182416,33.35340096751855,92.03612174153339,12.372338264690383,,43.84069787331597,1.0,93.28260425426545,-69.74841155267808,-0.5284922754060402,-1.4541554556817526,-1.6285840927830695,25.0,0.0010161342467346856,1143931.209453797,49.47496016041237,-0.9061447593779646,43.0,68134.359736815,,118.6498752205662,,,0.783850711064221
130746.12328819119,57.509464863784004,100067.0,67.0,844446.0,42,999,1,,,25646.279542426044,14550.630435574922,,3532.4712217336405,1629000000.0,2021.0,8.0,15.0,6.0,94.0,7.0,1.0,3.0,1078.9884939629178,,1195.212878497706,1112.6666781020792,19.713546499789864,,9.77534890408197,8.039094382422112,57.85802250229794,,94.28582810033562,58.53856571250837,0.5516887691873475,3.1004805047858652,0.6352810561046275,3.0,0.0010561706581016844,894669.8632579362,94.75114927760693,-0.3881543391241409,24.0,40694.636927208914,3.6085914388311657,87.50404840877059,1.0,,0.9533252900958672
241734.65417550234,98.18260795558767,100068.0,,657467.0,42,999,1,,,13958.312448872393,6550.87852024982,162.27519319367434,4258.108842650614,1591934400.0,2020.0,6.0,12.0,4.0,,6.0,1.0,4.0,965.750026721087,990.940873755047,1055.0334656222049,1042.1291842373046,36.17648886555152,97.11767995799273,13.45488703890566,8.856665206822715,59.51662701373867,89.0,90.11134529443999,44.782606223481494,0.7332198153351809,3.19407658983481,-0.11961897167933355,2.0,0.0011167775734755613,1095828.473510108,50.53142218865464,-0.07380819072009048,47.0,40833.74422759153,5.734414267411035,109.07525057591488,1.0,-48.75879644473419,1.0662078390535887
214362.3375635014,100.0,,69.0,930768.0,42,999,1,,,37410.17464944567,2690.8202383650787,4005.5860641011404,1927.1926802885657,1618977600.0,2021.0,4.0,21.0,2.0,9.0,2.0,0.0,2.0,779.7775018902677,,861.1410449420429,810.9567936317504,39.66384637289837,103.39492347121707,9.200667736017639,9.171167334963474,47.287842957416856,58.0,85.21497776850765,48.60105145991118,-0.9509569130948627,-0.3970898207620738,-3.7761516966134767,10.0,0.0008642316330718316,1068490.8019224457,24.13793032016397,0.6788481121721428,43.0,73530.3350329536,7.400754788547447,94.78190681831498,0.0,-43.088732527562485,1.1235090140343906
202994.9652064775,79.60796691584251,100070.0,70.0,593451.0,42,999,1,,,5156.879570530771,16018.373690618793,615.0225275852192,,1595649600.0,2020.0,7.0,25.0,5.0,71.0,1.0,0.0,,1108.5089193818073,,1213.5437882913516,1160.8502955555027,10.920497024693576,51.656894644448435,8.632884301901672,,32.37784542184767,75.0,101.56422616136196,,0.9295685405508547,4.905942976974443,-1.4355109097584053,,,1158445.0241339167,99.57613950826398,-0.3344906646759478,58.0,,5.043724406962935,93.50507895718692,0.0,-51.58439431332005,1.0269775059176298
231883.1106222254,100.0,100071.0,71.0,611553.0,42,999,1,,,,224212.0094475638,423.0963197728528,5717.659223774902,1645074000.0,2022.0,2.0,17.0,3.0,,4.0,,3.0,1171.3681550940348,1193.8467356579422,1296.5838439447205,1199.0595410672713,-0.2617352024242052,31.52887663563643,11.27708861557793,8.078249845131483,38.22250366440079,68.0,92.55554942711002,43.1573723696429,-1.0577709857557698,-1.0762953025050708,-6.803133898182622,,0.0011303804232972799,1092092.815572314,73.12010157385419,0.5765399941770208,62.0,27048.931339567294,8.643292318766523,105.61545481660107,0.0,-54.85069451558361,1.2136145384105896
,38.53590585402817,100072.0,72.0,755477.0,42,999,1,,,78945.71465654812,2123.7146545308256,2071.447093342297,3955.366080766373,1627012800.0,2021.0,7.0,23.0,4.0,62.0,7.0,1.0,2.0,,,789.8970666373749,772.4396397816688,-0.837854424382023,30.49186203611236,9.298849830220808,5.6769467611757545,34.54276390964437,47.0,,59.40792422287063,,3.0365594261619777,-1.5244800481953735,3.0,0.0009772517774623967,995609.3100024022,26.25593255041253,0.886491687101286,78.0,28384.458674861435,1.8761284339446442,95.2801103843394,0.0,-58.98456717369508,0.9895792391964011
,97.05437001525836,,73.0,893045.0,42,999,1,,,89854.02011482822,33418.16562638627,336933.1559424393,4632.630452675082,1658030400.0,2022.0,7.0,17.0,6.0,100.0,5.0,0.0,4.0,924.7469233279646,,989.5221086881418,967.8785039077546,29.99293894956424,85.98729010921564,7.0217392732950765,7.089136659639159,52.06624854818047,18.0,75.31833081312065,46.55023405483816,-0.8256542381719546,,-0.937994647110407,3.0,0.0010608016192597666,896097.1017333192,,0.5286438173163521,31.0,48310.648160096076,,117.98557096080182,0.0,-53.275195168512575,0.9992657449681476
132128.80768540446,100.0,100074.0,74.0,550474.0,42,999,1,,,22276.284746606452,89894.78790487123,770.0121111467415,,1690257600.0,2023.0,7.0,25.0,1.0,98.0,4.0,0.0,2.0,,626.7468307186326,702.225155273232,672.2236744501512,11.732866582085606,53.11915984775409,10.13373737639718,7.388891536039232,39.15274474513315,39.0,105.50668650387115,36.77049825385669,0.34046097884202525,0.5282375396270833,-0.09924496151625026,3.0,0.0009874488266610883,815279.7951368177,78.26790224331796,0.19023236594275472,20.0,71391.91863261108,6.244398153397844,118.65611873230586,0.0,-52.40750148231129,
270671.350873978,100.0,100075.0,75.0,809864.0,42,999,1,,,103663.47258513118,344015.0447927322,333.1936619749611,,1642395600.0,2022.0,1.0,17.0,0.0,52.0,7.0,0.0,3.0,673.2282529312934,668.0796554376859,752.1672790983441,718.1805473622094,7.647516094317044,45.76552896977068,11.531851625653639,9.6449697400994,60.827761478066215,45.0,128.73110318753888,54.08434878613597,-0.490071257035631,-1.219423652706038,-0.7737067094071333,10.0,0.001036844217085119,962135.3616192794,70.39262947407829,-0.9632623321832166,55.0,128715.00573426482,8.10226512958573,98.59021237783409,0.0,-56.40710066185935,0.8595943969743275
219824.96762218588,81.72996731213541,100076.0,76.0,937301.0,42,999,1,,,22343.11765164643,173555.73188562828,39689.54755895679,4198.073416619668,1606626000.0,,11.0,29.0,6.0,66.0,1.0,0.0,4.0,,1217.665107870165,1318.355125523053,1282.9631379129892,35.420732017992705,95.75731763238687,,6.495540659987511,63.537993558006775,8.0,131.2263802208024,43.59695715081233,1.1224601251000115,5.87036176187691,-0.7330751207159892,99.0,0.000963041896048922,1100174.0113295442,23.89506640358269,0.9687709776438531,64.0,50097.13249381208,3.646676661327776,125.74341043238614,0.0,-60.59214578377187,1.0651695727782098
164925.42967084743,100.0,100077.0,77.0,902599.0,42,999,1,,,1526.245361694236,69084.39955428666,651.648921185384,2943.2571627785646,1643346000.0,2022.0,1.0,28.0,4.0,68.0,7.0,0.0,2.0,1316.1676316368585,1326.6988307198342,1438.6919717088615,1370.7655741902597,26.450723507244447,79.61130231304,15.789880968777753,6.0588892857013095,45.35222120630338,,92.82478436360847,44.898480811256576,0.8329670830901177,3.317583466939401,-0.02964594210695922,25.0,0.0010248195739050935,1046634.2856283351,38.40901116322881,-0.7811686113064218,19.0,41970.654332972794,6.221892822185104,93.50614622761454,0.0,-50.1370979836515,1.1230376366535295
185720.95142818402,76.87981833198359,100078.0,78.0,545586.0,42,999,1,,,22957.51870945382,399.5326195367376,4491.037960410801,416.8444427208071,1640667600.0,2021.0,12.0,28.0,1.0,52.0,6.0,0.0,1.0,950.604186910115,951.3907303152868,1045.3423753647553,,13.687453529012929,56.63741635222327,12.565582115118964,,57.58994850400573,43.0,61.14628882504052,51.33896095814264,-0.7388062929222664,,-3.224445364210534,100.0,0.0011123929673822431,913023.8375486757,79.46106420553556,-0.5406092157534734,28.0,36845.44148335088,4.191701862948934,97.24476304544645,0.0,-52.18971413161299,0.9741568004590583
228351.08927616384,72.89028234376022,100079.0,,,42,999,1,,,21681.073637353224,5713.361778866746,17330.12242433186,1598.3009407299544,1614920400.0,2021.0,3.0,5.0,4.0,19.0,,1.0,2.0,1471.7846235830134,1467.5349403740709,1598.222632002768,1494.4918700087685,16.711297103101106,,8.579034316495719,8.950151240934671,60.83919457275087,86.0,100.88352005232602,49.651756831469335,0.7303082379648127,,3.0976847823247313,25.0,0.0010641366232425574,1187028.667773233,89.00352468308631,0.38621679190917746,65.0,55141.70894880645,3.851438165707587,123.12036140583007,0.0,-46.292692391387064,
230110.15180119406,64.70943098121353,100080.0,,698301.0,42,999,1,,,139842.9722427641,13410.495812927491,310.99145379741253,,1696392000.0,2023.0,10.0,4.0,2.0,15.0,3.0,0.0,3.0,1407.2645644702916,1415.8354938150278,1564.886789776977,1466.2299511823392,17.519005260016723,63.5342094680301,,7.421704646567915,40.161114757035094,35.0,98.51316041042269,62.56428490940948,-0.029064192341202392,-0.014651761440764799,-1.0738874914324754,2.0,0.0009871832212573252,964527.0401811464,,-0.11020309268182027,71.0,99894.81834146295,3.492090428314108,92.47856911273098,0.0,-49.99635136872624,0.9558651516938371
,100.0,100081.0,81.0,811629.0,42,999,1,,,,175521.0894663029,1081.778161566343,1552.1295673419597,,2021.0,6.0,30.0,2.0,,6.0,0.0,,,809.7837649415251,935.7882783391852,889.7721590851272,37.539820036415506,99.5716760655479,10.269109258789307,7.363060857360848,,48.0,90.73078950399903,44.19427042472016,0.17900922042090558,0.4576255167700786,-0.5325805998227957,10.0,0.0010995333445299271,969388.3354394458,24.65279312297035,0.7991548491939835,,,,87.11543544690895,0.0,-55.98423243498935,0.798501438630389
211630.41918595997,79.64684996396072,100082.0,82.0,,42,999,1,,,94835.850632266,,15800.654965037624,1864.9022829867722,1702011600.0,2023.0,12.0,8.0,4.0,52.0,2.0,1.0,2.0,1140.4734509764876,1154.2004417510354,1286.4007147338027,1186.544504976264,25.327651910441674,77.589773438795,,7.661044073164107,61.39792135849761,83.0,118.64511336255909,58.40725279285674,-0.5134562545496418,-1.3376544081078108,-0.24472602942819743,3.0,0.0010940079319242543,968409.4256771669,1.109898084576899,-0.10593289057408639,58.0,86618.14286741673,3.784012459734197,109.05981770956632,0.0,-54.49784051313946,0.888513740158601
267859.7220100219,62.15248692721651,100083.0,83.0,659534.0,42,999,1,,,133360.8233708921,1739773.946317695,,,1698724800.0,2023.0,10.0,31.0,1.0,77.0,3.0,0.0,,1139.2923977408616,1155.0891556745569,1264.1426136865998,1197.4445859119285,9.820432656148357,49.67677878106704,7.883264755326424,10.244590518906898,38.60540325375891,10.0,119.59786932239582,,0.041358424034123493,-0.42817676819316597,-0.315375666267019,,0.0009883866283326153,817446.3488960508,23.97637561420748,0.33249971973557746,72.0,89095.02508283134,5.184358366365613,81.7793199580089,0.0,-53.63606305529878,0.9409154453842772
245099.91630890226,100.0,100084.0,84.0,785837.0,42,999,1,,,2319.3222732458353,600046.0586015742,45366266.79273441,8172.9735111052705,1692504000.0,2023.0,8.0,20.0,6.0,82.0,5.0,0.0,3.0,603.7145674533728,596.2275001734711,674.2104022641588,650.5531856532405,,65.79990218164076,10.28129595218533,7.918912268190018,47.85945030264844,18.0,135.5263183420006,57.32069318785196,1.0653161909520201,5.822449868447236,-0.2922759916095544,50.0,0.0008816292887791247,991653.2923145541,10.7362781841579,0.8860970626206468,50.0,151291.92072842162,8.165172994955181,119.23763479318933,0.0,-56.57408808237009,0.9446549040237084
166432.23514093866,75.43196961882057,100085.0,85.0,664022.0,42,999,1,,,11200.481042183363,2672.5848094925923,,3315.4439374646167,,2020.0,5.0,26.0,,68.0,5.0,1.0,2.0,1677.8598874484614,1686.8009180069719,1863.131094548994,1705.183323022503,8.625576671898688,47.52603800941764,10.514721833560598,8.288450502503723,53.219297014311856,98.0,75.7966643836904,46.600204992689235,0.5462681411899596,,0.060682263744302405,,0.0010079142561810537,,12.483263784943722,-0.8256497258304929,20.0,64450.73383126826,4.092026124669758,106.15885119562597,1.0,-49.486940971742364,
184305.87655590108,100.0,,86.0,773882.0,42,999,1,,,12869.225516509832,1385.809372381847,821.5068685565827,7068.468022826375,1685592000.0,2023.0,6.0,1.0,3.0,90.0,5.0,0.0,1.0,998.4671231012136,,1140.1731148263625,1048.6230572727225,22.986717031737896,73.37609065712822,9.30120806006184,7.386285270588991,45.285111720235435,10.0,61.80140372333611,,0.3204141806379026,1.0500577648915392,-1.3706352893512759,10.0,0.0009570254900112281,1115724.2856571716,77.12472521641092,0.36990280580904944,42.0,64674.950679672176,8.360826154459522,,0.0,,0.6921683904632283
96415.66502660754,100.0,100087.0,87.0,971258.0,42,999,1,,,45107.08775123523,3390.110906417971,1378.5946266263895,2195.649368241375,1690171200.0,2023.0,,24.0,0.0,22.0,,0.0,4.0,972.584680016295,968.8586338778506,,1017.1111082996106,20.524124395411413,68.94342391174054,8.907707897464123,6.607206517786525,70.5287053719623,58.0,115.97810092848432,30.92241456730614,0.659519961649792,,-0.3780972779134566,50.0,0.0008791794032228068,979258.1597932149,56.97840867593992,-0.7062492800739453,25.0,24858.827912452587,,107.48429427714515,0.0,-51.82318496596088,0.7847377695615229
184352.33227189505,,100088.0,88.0,801936.0,42,999,1,,,31994.434455444098,5687.349238398413,4334.905879594461,3781.1661292726717,1608094800.0,2020.0,12.0,16.0,2.0,32.0,1.0,,3.0,940.5219359968736,951.2750319690773,1078.3077069823635,980.9678380222682,32.62006787744115,90.71612217939408,13.239326190244629,6.226326957104096,60.68639317633337,21.0,,,0.3297110576608536,0.8416669463047151,1.0508661829227295,50.0,0.001235512175678697,1053737.5299167319,71.87193190688058,0.312756736508214,22.0,104873.10399548878,6.125674022888532,92.94093516805613,0.0,-47.07393768816125,0.967418951558039
228365.40123230545,,100089.0,89.0,847670.0,42,999,1,,,35178.2550488298,529.214970399061,12171.969650670138,4010.6048790603063,1672290000.0,2022.0,12.0,29.0,3.0,31.0,1.0,1.0,2.0,1268.630887158437,1272.3203333314175,1403.4990037195134,1322.9566215462103,23.484034112955907,74.27126140332064,8.749479455020644,8.783155529281512,53.6471615551926,30.0,88.44025628446653,23.78387349358593,-0.46788749899780446,-1.0118621167772701,,10.0,0.0008744076609427429,962648.1084266676,53.07639189572678,,60.0,53163.398056559636,8.161363230640992,,0.0,-48.80749789153038,0.7733197009639524
,100.0,100090.0,90.0,664953.0,42,999,1,,,57117.44243182571,52349.31008686336,454.974458957174,9857.384049327786,1621137600.0,2021.0,,16.0,6.0,12.0,2.0,0.0,3.0,1332.1332829507655,1348.7649800787037,1466.6865888672962,1374.5455466144845,20.384184573503536,68.69153223230637,5.254041032929694,8.959234712095801,46.61142893769766,82.0,87.79481836535803,,0.9903532585155114,5.595277302425353,1.547078072996356,2.0,0.000758666766384917,1041612.2786631341,57.663280132187666,-0.6291476429866367,62.0,51759.84510583655,8.228247731646888,110.12106439512843,0.0,-49.32930275069061,0.8053720366897136
203722.08300951964,88.19140194715948,100091.0,91.0,794106.0,42,999,1,,,16247.202579583525,1615.3825180163806,2103.7154266413404,4033.1981970265265,1606712400.0,,11.0,30.0,0.0,40.0,5.0,0.0,2.0,1091.5671467867253,1101.8838493898058,,,20.8406081750745,69.5130947151341,9.913940341158241,8.211223076240644,42.121057624406525,97.0,83.64237548996488,50.98296963950527,-0.9507974534852776,-1.3457873734566248,-3.403546429762897,99.0,0.0008310682840029437,1009202.4887643633,89.9951896710716,-0.1373372924992804,37.0,98958.6765813472,5.214704563037051,109.04594522591412,,,
216026.289159121,85.28231686205686,100092.0,92.0,739018.0,42,999,1,,,91131.4537226869,,264.7018608625216,5480.938687105607,1659585600.0,2022.0,8.0,4.0,3.0,72.0,,1.0,,942.2234733588677,948.4357146604311,1004.8880319947634,998.0968860281827,-5.061568413215465,22.889176856212163,6.4933033801660685,8.937241686541189,62.887998550595285,97.0,,47.73990472340032,-1.2252969881781428,-0.8882689883149752,-5.963782795546254,25.0,0.0008903854355442467,1024687.8372139707,84.06486061541831,-0.6986303974223247,77.0,70855.20425144922,5.044633115659525,92.79226048532905,1.0,-52.456656514116005,0.6584075341794071
201832.8816708648,,100093.0,93.0,771879.0,42,999,1,,,4105.276688245472,,25423.242522771357,1469.8041422300755,1644987600.0,2022.0,2.0,16.0,2.0,,4.0,0.0,,750.3969193464011,,848.0859156007778,819.9114424464631,4.207457559485157,39.57342360707328,8.543504339977328,5.999698830245531,47.981365792471934,,,56.03564597128397,-0.8321383967109648,-1.6425355358344773,-3.4588907893110696,100.0,0.0009247522137406921,1130324.8277954126,58.43384923081732,0.673953428676288,72.0,31019.80414879728,3.8640274468331492,99.87216674530643,0.0,-51.38742178271209,0.8788164996981864
223394.79715576523,56.38152833004631,100094.0,94.0,661664.0,42,999,1,,,26681.19254533505,7457.287980183191,7912.817526144474,6202.4842797346955,1625544000.0,2021.0,7.0,6.0,1.0,23.0,5.0,1.0,4.0,1112.5132821529398,1108.6040452696627,1236.598077463366,1157.0503051945939,19.523675380957336,,12.293585505933907,7.64062853842239,64.78853403330956,84.0,114.07348391386384,44.546259447841905,1.8040598451478065,12.407421790723651,1.9967967784257912,,,1151158.7925328074,37.67556844245732,0.22878847047367468,49.0,40509.87404680012,3.797429178170982,81.41882687687551,0.0,,0.7167549567251504
171427.04215133426,100.0,100095.0,95.0,666854.0,42,999,1,,,34478.79835047534,138597.98692302225,1910.3693339397382,3499.520707136607,1691035200.0,2023.0,8.0,,3.0,49.0,7.0,,4.0,1014.967344497868,,1133.0023719654569,1049.1764617011218,,81.24169265104814,8.561554546152765,6.703034384241418,35.81212521110477,64.0,95.0574599802363,35.55582472556689,-0.5638969871580428,-0.9449965784618641,-2.9866294422921005,10.0,0.0010036132985742413,1075576.2046733992,55.82801472478695,0.17458173468006377,42.0,,6.503279203366406,94.0444144070594,0.0,-58.78898526030931,0.8205011907078377
224433.9358805264,76.18994611096471,100096.0,96.0,883416.0,42,999,1,,,70756.58613061823,1103.7826237387362,1209.472449490078,6259.33887475639,1699592400.0,2023.0,11.0,10.0,4.0,,1.0,0.0,3.0,,1049.0453357412207,1139.7849419001861,1096.3426913193657,23.259310134360536,73.86675824184897,8.931809568423297,8.655786472391336,53.10404088174417,44.0,,56.8819581560653,-0.056771568467675296,-0.8624850663820699,0.8759201737344049,3.0,0.0009884744333320706,986551.2886307869,95.96080308799539,0.03521234342145174,58.0,56471.24953358893,4.5045033046269785,94.3447174930146,0.0,-48.50367991149554,0.6718510668449557
139940.8487128214,100.0,100097.0,97.0,571097.0,42,999,1,,,37668.41819246494,132338.4675286365,615.298073460583,1657.1164444766068,1676350800.0,2023.0,2.0,14.0,1.0,4.0,7.0,0.0,3.0,833.0323878352054,833.6381565206655,929.0653340541271,885.7447278793333,34.30474465784777,93.74854038412599,7.23623296064665,,42.230435123855884,72.0,96.36338839746415,52.452052792322235,1.5795356586936757,,0.28432077228783126,2.0,0.0010010272038844905,1045442.8563078311,81.77059226173732,0.3922043852406034,36.0,60742.26459229192,6.2013862612244,121.84582082568235,0.0,-57.911392419494895,0.6608945149589045
170286.1508209805,100.0,100098.0,,663727.0,42,999,1,,,4186.778425741589,,,5585.526784873566,1616644800.0,2021.0,3.0,25.0,3.0,49.0,4.0,0.0,1.0,966.5441562494954,982.023641553651,1075.2790071405686,1036.920448414164,,90.80929839132061,8.862717319740252,9.889335283552239,47.39281912839955,48.0,97.06940987993802,44.753831382691686,-0.41993930273806873,-1.1821781428332223,,,0.0009044997486886245,,21.717248764543985,0.9388985244282559,32.0,69611.24839712394,8.516531780865787,78.75261462588367,0.0,-48.410312325052814,0.7496208459472856
224354.24338648902,87.36972747672,100099.0,99.0,828197.0,42,999,1,,,137845.38533200626,,12294.544324295923,395.1985893280155,1698984000.0,2023.0,11.0,3.0,4.0,71.0,2.0,1.0,2.0,,1169.7242510674344,1295.4179857896536,1209.0521089431675,21.778396266956378,71.20111328052148,10.066918221533607,7.311090142076376,49.29324399660038,90.0,84.27733551128313,35.14467396055228,-0.08066626377772043,-0.7770709884498445,-1.9113819571815294,3.0,0.0010890805365050367,1054911.7221512897,56.787512012957265,0.7653577762395345,,24770.38196174999,5.310428534470128,103.62811884112186,0.0,-49.82905969179615,0.6103985600178591
177481.59559743435,,100100.0,100.0,964222.0,42,999,1,,,,45334.809307898584,21795.98323890236,5584.679996219347,1635220800.0,2021.0,10.0,26.0,1.0,,1.0,1.0,2.0,1183.5248367384659,1194.4675261497373,1326.9107920518077,,23.606777838260143,74.49220010886826,7.035752569147689,6.68478170182411,31.743273952554812,3.0,,,0.7989338874138924,4.33007777895624,1.3426165229462579,50.0,0.0009975654470444103,899854.9290203154,23.690418613186857,-0.04617092395629219,54.0,49924.71535392831,9.31340591659786,96.13558698546936,0.0,-49.62501698630711,0.5936940526899305
131619.50578331942,100.0,100101.0,101.0,800987.0,42,999,1,,,,2216405.616958409,2300.39340058328,2811.7051545377844,1587700800.0,2020.0,4.0,24.0,4.0,52.0,7.0,0.0,1.0,1150.48638425308,1137.5075042670835,1273.8271491040507,1153.1324645419168,31.65680464671466,88.98224836408639,7.191841623429452,6.965244291803609,47.19128566682163,75.0,,,-0.526849535490125,-1.6385290085456536,-0.5447235662173697,50.0,0.0010205273184091751,1132566.0266039108,,0.5668424129458332,,60885.72671783774,7.659724328020008,119.06447561137091,0.0,-49.84418989354719,0.5981754971140812
230342.95539633697,100.0,100102.0,102.0,753092.0,42,999,1,,,108219.82008889264,14851.86891133931,18321.653189668,3244.883815616377,1618372800.0,2021.0,4.0,14.0,,93.0,5.0,0.0,,1005.860669189816,,1095.7525319196823,,19.911393239616572,67.84050783130984,10.810959344428046,10.544907042668743,45.37509583974276,28.0,106.10280682952171,38.10479307072468,,,-1.67120379551281,99.0,0.001046486021979578,1052226.0732385633,12.475751492823106,-0.056712802826260234,47.0,81628.00340188545,6.134421633086927,,0.0,-48.110737994843205,0.45437957079343655
159042.70099203775,98.97114658231385,100103.0,103.0,819877.0,42,999,1,,,,1222508.4864459874,13702.111207119025,2268.885851779293,1583470800.0,2020.0,,6.0,4.0,1.0,5.0,1.0,2.0,951.9185789308477,932.2300572913906,1075.3469827192685,1022.5026512471994,,81.74375669261705,7.888821527357118,5.497030341591458,,,100.34449758079202,64.13646156722774,0.4721702617038515,2.2635446984072494,-0.009016217737655902,99.0,,908388.5968283913,30.343098820035543,0.7290523454328455,37.0,101571.38736099243,5.734685052498413,,0.0,-47.17747379899869,0.30533293154343033
179993.10187051632,100.0,100104.0,104.0,835352.0,42,999,1,,,34948.834940756424,10291.770993549362,7499.3001198921565,4198.091850126037,1633665600.0,2021.0,10.0,8.0,4.0,,2.0,0.0,2.0,1088.9263559509757,1100.9960845669498,1194.1687072153898,1147.1615400232479,22.164961561770102,71.89693081118618,6.422564160737692,,38.724091379748,58.0,,30.62982100285513,0.4147645042581443,1.7037526698108842,-0.045039861092501826,10.0,,994354.9783569046,40.10337234088583,0.4836909570110681,38.0,67591.46285597216,6.496108327314725,109.38572948643579,0.0,-60.75886220617201,0.686183740882538
179155.99639481836,61.315735540882926,100105.0,,979814.0,42,999,1,,,40651.070744034114,307182.3159906979,800.446279896442,,1648785600.0,2022.0,4.0,1.0,4.0,34.0,6.0,1.0,3.0,1079.3389545103066,,1199.3547905398823,1126.3230925005112,9.99995499868206,,8.989468935754342,7.028852800910233,64.54214514365779,39.0,101.88354426783863,60.048979899621926,-1.212596487284676,,-6.321010466140344,10.0,0.0009404092002836943,1177821.3296275036,60.951036656526945,-0.4164608713774107,42.0,123412.77517869722,4.19645334695704,73.23578862233882,,-55.60091600485261,0.4002018724872079
226823.7015657239,100.0,100106.0,,805253.0,42,999,1,,,56590.03646366565,34409.75848845674,587.1814939846666,436.05905879942185,1625198400.0,2021.0,7.0,2.0,4.0,60.0,4.0,0.0,2.0,839.2809446488836,824.8147209285703,895.8196488724739,894.8640957951205,20.14655650728748,68.26380171311746,,7.509534160603874,43.62344916851893,84.0,103.73296417151569,55.01960581947793,2.078257021824068,14.946197292305026,2.0262616892720917,1.0,0.0009425194904134696,1070827.505906713,22.353077197301698,-0.8260799302780928,53.0,49186.35246549067,7.910221101711638,138.6834501295309,0.0,-50.20266048330327,0.3865841796960358
246166.28645261645,100.0,100107.0,107.0,,42,999,1,,,,13029.594535991693,134.88474021665508,2062.144030181402,1589515200.0,2020.0,5.0,15.0,4.0,50.0,2.0,,3.0,902.1840221671814,907.6106642220967,981.4418729896794,966.3975323592889,10.31603660383429,,11.844893998639584,6.90627932494596,48.82514861428148,,107.97170654668777,46.01474486109918,1.4597555648682616,9.75624771065931,,25.0,0.0009507089286811055,963201.3070433709,48.54287747052952,-0.9073667457926287,62.0,93232.26229329112,6.539401041163084,86.84073559439267,0.0,-51.630575672175816,0.34488153268917127
,100.0,100108.0,,803723.0,42,999,1,,,35078.61250275948,33095.171204321414,58971.50128796982,5268.456696514543,1615179600.0,2021.0,3.0,8.0,0.0,33.0,5.0,1.0,3.0,860.8927236719,869.8593043242081,954.7882908250592,910.9380293661383,19.71229171866081,67.48212509358946,8.156597434771012,8.676988611951629,62.11051973353689,47.0,93.81821901659691,,-0.9150361615686781,-0.3265264460928269,-4.063537465929665,10.0,0.0009389582794202116,978561.495358539,36.680581399878506,0.6579605131294022,58.0,102793.79655141203,4.870240568890402,143.83908988648997,0.0,-53.954155602728534,0.4679217357151298
162048.33692948756,94.65390190746385,100109.0,,868474.0,42,999,1,,,15496.913334430663,59527.438519695,16367.296468598202,7485.462990268334,1678165200.0,2023.0,3.0,7.0,1.0,38.0,3.0,0.0,4.0,1317.2641524013438,1322.4783202194776,1431.1273357560203,1378.0970569399014,12.92303613024863,55.26146503444753,9.968981627962272,9.385576504296738,52.53090718567059,7.0,117.54263877428406,64.85095167113629,0.9683150160379392,5.628321807892672,-0.011232731945525197,99.0,0.000974304516906496,978384.7547308657,92.89446254444613,0.2672756215972776,24.0,55014.8088362512,6.206557144245992,94.07413902335789,0.0,-51.62782979501926,0.43587425533229307
214958.1402177619,51.17626216530256,100110.0,110.0,592629.0,42,999,1,,,13747.006031156478,2480.556938021794,580.8439225730175,5589.393979828116,1633492800.0,2021.0,10.0,6.0,,72.0,3.0,1.0,3.0,1103.2899577350863,1107.8603649886888,1207.592419737522,1161.525452414713,8.238533818052328,,12.001219900259365,,53.12396354451182,64.0,84.42570846378422,54.78045685444242,-0.5332113587695727,-1.0170896864194838,-2.024038575462829,3.0,0.0011911577245668735,834979.9407517698,68.2070412673067,0.06322759523038535,52.0,39714.20521815518,1.339020818969944,123.32671049519917,0.0,-47.01020841909822,0.6369716023479208
289005.9870304849,86.09960362787407,,111.0,940918.0,42,999,1,,,54328.996789525605,44083.440955069535,3373.729129488756,5361.293238236222,1615438800.0,2021.0,3.0,11.0,3.0,,2.0,1.0,3.0,959.8785707463396,,1032.2976107873062,1006.7402658986326,,91.23500525687182,,8.554415717829668,54.71994409621694,7.0,98.37474609621717,52.2987160899577,0.42307631206748114,1.2499361082448797,,25.0,0.0009858773139422576,1221921.925200738,10.603236489116641,0.8801604584827212,59.0,285375.53514886915,4.5057090143301055,118.72178481461496,0.0,-60.59931677414045,0.4845392400053634
168680.83147446392,56.54068799595543,100112.0,112.0,857119.0,42,999,1,,,129931.45461049522,17611.169965404144,,6882.4021976286,1693800000.0,2023.0,9.0,4.0,0.0,39.0,3.0,0.0,2.0,1082.4487704455912,1094.232242064656,1200.1356254139612,1149.6937187120614,18.97038079320548,66.14668542776987,8.946616652366338,7.955255477049605,,92.0,101.8514425992554,,0.5809444228164808,2.0673498161941484,,10.0,0.0009921002435718934,831831.8288426631,95.4972033838994,0.5703869914590012,,72482.4696127803,3.2628458296347196,99.37272990976912,0.0,-47.56487380850955,0.21253261675496682
186352.43742550604,100.0,100113.0,113.0,597709.0,42,999,1,,,463038.04931820417,7146.544821676203,3010.7444068506084,6171.644644727867,1666152000.0,2022.0,,19.0,2.0,63.0,2.0,0.0,,940.9522127054225,926.256073475848,1013.9466040231559,995.1433789948568,13.927231561935908,57.06901681148464,11.585935231900994,,56.13528753107068,22.0,93.9832331594574,49.11441687789863,0.046898210253586,0.1589501516870609,,3.0,0.0011144828923231273,995707.7595179384,52.99693654585773,-0.040014276434544804,40.0,29019.42569030589,5.904839063636641,117.55064407128232,0.0,-61.409300155971586,0.14875171035981966
,99.42349047329299,100114.0,114.0,759017.0,42,999,1,,,6379.584312963374,43833.130855524774,,1662.8260750108225,1647835200.0,2022.0,3.0,21.0,0.0,39.0,3.0,1.0,,1381.4611675535043,1386.4071076044268,1535.5847075311667,1418.8765882817565,20.873205495016578,69.57176989102985,6.796624588662375,9.156659045217323,55.34808803561458,68.0,98.62524749667348,37.99970974760028,0.4024925441744969,1.1610843993535707,0.3819159610664985,99.0,0.0008432353076174731,1092456.3352603703,97.60014980096827,-0.4144406853592586,69.0,28702.8007518598,5.641755627568569,103.11503703842382,0.0,-61.83550563162396,
207104.34192560927,70.34556399394906,100115.0,,557325.0,42,999,1,,,51854.631223063145,514.8632771046291,4797.663845123275,2327.140044506313,,2023.0,8.0,9.0,2.0,80.0,3.0,1.0,1.0,783.7578126251109,790.7257854877315,889.4141993437315,845.5628286577772,13.386652123192095,56.09597382174577,9.442855500135593,8.038843319733822,66.7369690121962,88.0,62.887683808346026,29.574785209537716,0.9049032581033087,4.352986433123274,0.08563716519458697,3.0,0.0009748801878587561,922426.0539675226,23.496202681343426,-0.7220963696658211,50.0,52687.94081740398,4.285832156657322,91.85075778412798,0.0,-48.06876864024293,0.16381997816829102
,100.0,100116.0,116.0,872791.0,42,999,1,,,90969.06681395638,4606.803786481805,,5429.604621717224,1658980800.0,,,28.0,3.0,86.0,3.0,,1.0,912.1361024142054,915.5668725881205,1024.6037594325019,,22.11563919979648,71.80815055963366,,11.551814912057704,49.49521147417314,37.0,102.05974028232824,,0.2855777567908899,1.7003239721519057,0.35978997514573874,100.0,0.001028033079292903,967063.7755249769,63.87362344360235,-0.8468469824103673,,136522.05171336935,8.193735003224745,73.43776221458705,0.0,-49.83216872271497,0.3176182702322058
204229.6211194757,76.84928813712621,100117.0,117.0,638408.0,42,999,1,,,66994.74926022785,54602.827662489966,27529.125159983647,1664.6173921401385,1603080000.0,2020.0,10.0,19.0,0.0,48.0,3.0,1.0,1.0,,706.3891307708777,740.5698599037255,748.8820415922013,16.32198346136079,61.379570230449424,11.727530841441917,6.747987377688151,37.3743929899949,,98.59294584126897,41.84498629283292,-0.3026793139402637,-1.3715371449065126,0.5160267737584757,100.0,0.0009782447976901137,1054947.9965822655,,-0.6949152364626308,45.0,59369.50485564302,5.3748015982406425,90.10304350232059,,-44.4695326128649,0.1517433624954122
253260.87856231083,91.90794192079281,100118.0,118.0,987007.0,42,999,1,,,22579.542648683608,19249.56457042237,6500.267932660129,1864.5416169595512,1624680000.0,2021.0,6.0,26.0,5.0,92.0,3.0,0.0,2.0,1228.7489161527114,1238.036900792377,1331.535502293542,1256.4572530090259,28.43122578521182,83.17620641338127,9.704234438430166,8.095287037992572,41.463109630318435,3.0,125.24434528688788,70.0565326102448,-0.802489492570214,-1.3631304388609706,-1.1746417333798298,100.0,0.0010490863193415166,1060574.2774249765,57.42868790800508,,69.0,71773.13597962342,5.941712203192038,96.94875744353924,0.0,-49.56532423003515,0.08115541820999163
,93.6197620895214,100119.0,119.0,,42,999,1,,,107698.67288018699,4612.414406541667,377.19209435618797,1334.8292555360485,1602475200.0,2020.0,10.0,12.0,0.0,41.0,1.0,0.0,,786.6223061194254,777.2513572023395,860.1314482367458,837.2902204177188,8.734819402254214,47.722674924057586,,10.859955583367867,30.36866227525069,35.0,103.50066091740973,56.31471544370056,-0.24845182944709718,-0.6334260735172239,,99.0,0.0011868440050303822,,0.3669238054328394,0.6731638814806968,61.0,53671.60904926933,5.504361277923195,104.50822092263144,,-49.48488131886987,0.10484345781955404
209890.6675720493,100.0,100120.0,120.0,687200.0,42,999,1,,,114127.94957679728,593270.8624865228,4364.589014773274,5052.120355306454,1621483200.0,2021.0,5.0,20.0,3.0,20.0,2.0,0.0,4.0,741.2968350327728,749.8091748934228,833.555693557249,788.8457326508521,22.077583134436715,71.73964964198609,12.3444885880607,6.4002395475609255,52.284271325810536,21.0,117.66435276876624,36.51405780373722,-1.70930974868317,0.39294204472639066,-12.156984230385524,99.0,0.001264259383841454,989456.0076150694,80.94554573336052,0.39980801394281396,54.0,58887.73691574784,6.371942393473642,111.27110909920296,0.0,-49.75029071817274,0.1750968369441717
183927.94034173046,62.5999376539084,100121.0,121.0,818262.0,42,999,1,,,61773.108942815445,12159.982740694437,79374.57226479656,4727.757859979522,1677128400.0,2023.0,2.0,23.0,3.0,44.0,3.0,0.0,1.0,1323.9486871737158,1307.7974831049087,1515.3888258587244,,,73.72877795205804,7.131917395545157,11.92235203316604,36.89437453514448,89.0,74.66763501760185,35.60404174219745,-0.682844828501324,-0.7752139181808836,-1.1163271974685114,99.0,0.0010802142006133462,924201.6383871369,17.058740811888164,0.6822600465853665,30.0,67628.24699023864,3.66083604105223,86.8923608579862,1.0,-61.32045109605139,0.10718244140142828
210467.18818082256,59.55387319776989,100122.0,,906912.0,42,999,1,,,43585.882519161845,11353.439801152537,7479.648985503564,2643.3629834064523,1673154000.0,2023.0,1.0,8.0,6.0,23.0,1.0,0.0,2.0,1440.2052832623554,1423.179456429656,1596.8956174622567,1486.525813194004,12.883183530798803,55.189730355437845,8.98701897442125,,60.53624522506908,,79.38391119042274,,0.2927496606957028,,0.723329491673875,50.0,0.0009277735688924833,,1.2943911436679278,-0.4109772468427415,,54069.35281093191,3.661576565552162,78.8663875507286,0.0,-49.65730515889742,-0.03679895223711373
218603.4044077802,28.821231408372512,,123.0,854505.0,42,999,1,,,,1292.7926392107165,790.9284706540667,2818.2265748107366,,2021.0,6.0,,1.0,11.0,1.0,1.0,4.0,660.0129624073284,643.5718389312023,725.0237953613386,706.54311869397,,53.202993896010206,,9.785750835512474,,57.0,109.27564525620997,45.883661399430935,1.0199188190914241,5.236725365486449,,100.0,0.0008868850640294823,1067469.547433454,73.88248883989607,-0.82439017621702,,26303.83049518765,1.1981850204446531,84.35162276976772,0.0,-51.79478872463596,0.020796714632049004
176140.73543448647,,,124.0,646990.0,42,999,1,,,27009.911386044605,9576.611491588937,37840.96471711004,3309.801838388076,1681272000.0,,4.0,12.0,,9.0,4.0,0.0,4.0,980.1396843114218,978.7750961345096,1055.024114983332,,36.157379141169585,97.08328245410526,11.722826731205412,6.1645687873538595,47.722300308676594,81.0,102.50122068792867,53.89288456457474,,,,100.0,,1017748.8827761543,88.5336728435999,-0.43630577489803146,38.0,45025.19199263786,1.9495735197680713,87.9105359600916,0.0,-56.805645524871295,-0.04464825220475145
124103.69335958076,90.14552817264968,100125.0,,673186.0,42,999,1,,,73220.40256873838,94782.48499118384,34145.69059929447,2513.3418195752483,1653624000.0,,5.0,27.0,4.0,84.0,4.0,1.0,3.0,916.6087996375574,910.6446870032464,,954.085830205789,13.850125368236068,,,7.419641438336698,,43.0,106.61913939837868,51.24921464709307,-0.014817759283480229,0.61607310768206,1.0240140389201307,3.0,0.001119409685732325,,64.81742421959524,0.6121814372127743,26.0,59273.81770992282,6.37555072965028,95.87866560998192,0.0,-45.35239732771037,-0.002492107630656732
101098.35760154168,100.0,100126.0,126.0,683303.0,42,999,1,,,161668.2471158886,44455.200262566235,1817.5667938669235,3141.841981830763,1681099200.0,2023.0,,10.0,0.0,89.0,3.0,0.0,3.0,747.2574013762741,751.8795970977309,840.0031619635545,798.4122597797914,14.866716803775148,58.760090246795265,9.57237869382496,7.436243337836762,48.594540345201,58.0,109.75705890719802,61.22221501218257,-0.20057232639565545,,0.7175062613534248,2.0,0.001020691244972985,942882.7946904534,,-0.8688712567557864,18.0,16858.990546342397,,98.45223323757673,0.0,-45.17725791368634,0.07420236859207804
307907.35930827545,79.17328924332747,100127.0,127.0,839212.0,42,999,1,,,204135.2360037609,14297.436182073887,6070.430380010424,3319.261947680327,1648440000.0,2022.0,3.0,28.0,0.0,,1.0,1.0,3.0,,810.8253664640696,891.9412572290823,841.8097016870161,8.515091608132861,47.327164894639154,,10.508656409607292,48.9376327163405,13.0,60.42119032213304,48.43188836217919,0.17576833081796123,1.079221702153349,0.21331195998078095,100.0,0.0008780085711610945,876809.4887115173,13.227660179290401,,69.0,119415.08160119156,3.7547020545460237,98.82964938871099,0.0,-45.6614763675665,-0.2521943582419781
172639.8989550745,100.0,100128.0,128.0,959690.0,42,999,1,,,77395.9182587437,3624945.915127005,39243.32760253222,3858.2468881636078,1641877200.0,2022.0,1.0,11.0,1.0,38.0,3.0,1.0,1.0,1315.7876320504993,1322.9833254388905,1443.5163171508975,1378.189380806335,9.846892754813679,,9.021470512615819,8.524903957493116,47.72473255936295,80.0,96.64590534939187,70.36107158587315,-0.5195749942713351,-2.020048439044783,-0.7528684560614654,1.0,0.0009991291885412595,1144941.4299110107,73.68808212342104,0.5697981340868814,42.0,63020.13356193278,6.288356898569792,123.9872733673379,0.0,-48.48547775764442,-0.10518020998088803
238254.34451435227,99.45606369276025,,129.0,590058.0,42,999,1,,,48612.61817618164,4840.133765757088,586.1132304218801,721.9204647833948,,2021.0,3.0,25.0,3.0,66.0,4.0,0.0,4.0,1012.8476442103987,1004.3764326695926,,1054.722521848296,10.660131786707174,51.18823721607291,12.227812682514179,7.693511755358733,47.304257862833566,22.0,104.78739934447326,,1.8619030219903112,12.656190692208902,,3.0,0.0009129743041306807,943046.4813576376,61.68645088357761,0.2754418850367246,58.0,43426.04630420195,,92.40294654529647,0.0,-49.636869865150075,0.07136563338140718
244539.65777664323,65.12324703741162,100130.0,130.0,609609.0,42,999,1,,,41434.036707519306,110984.68932701537,7390.077628849925,4433.726280040355,,2020.0,10.0,10.0,5.0,,,0.0,2.0,1059.9320938689896,1068.602350137591,1141.7867111501844,1107.089016317937,21.69757963140937,71.05564333653686,10.761234953707065,7.898189262723105,62.432208837134894,16.0,1029.4960914110677,50.58820888331578,1.1209190196915595,5.1821354875721255,-0.29146802756532403,25.0,0.0009969853808471489,,87.36774898112178,-0.47096745002519946,75.0,45605.03550364412,3.990188064924003,94.98573137811745,,-50.0747915598804,-0.20980411175204478
187089.85550652465,53.93620635256239,100131.0,131.0,804976.0,42,999,1,,,,3810.8821582505643,18901.89541359123,3002.7957766977306,1667970000.0,2022.0,11.0,9.0,2.0,,6.0,0.0,2.0,1199.3810629624857,1192.6246653962487,1322.100810568086,1251.1344526180842,21.254154238486407,70.25747762927554,10.424885958379429,9.457403236513061,37.49063507258135,66.0,118.79450813845025,68.05267862281293,1.09545942621638,5.668147915209768,0.35916399876319094,1.0,0.0010736793513547865,,,-0.852982969357597,37.0,41534.92229320072,2.5444213045126265,95.62098978492757,0.0,-47.63069939006021,-0.13320525943411907
254811.29267466263,,100132.0,132.0,723251.0,42,999,1,,,240970.78079398288,14670.759009557629,,5830.819112015138,1665115200.0,2022.0,10.0,7.0,4.0,61.0,2.0,0.0,2.0,1330.9819064338303,1322.1309853163514,,1355.676624988866,8.215301005947143,46.78754181070486,7.8444018683535415,6.856414844083805,56.14623682415219,28.0,95.51487803193498,,1.5200106968366407,9.663810890829362,-0.22624237631269484,100.0,0.0010432863337439262,,,0.0962354165692727,58.0,232641.1854880316,3.0374694218290554,69.22074677891214,0.0,-47.16031041381914,-0.2663491691893199
194647.08934970153,66.02574086289268,100133.0,133.0,504316.0,42,999,1,,,1858.663541429331,304601.2517025267,2384.8026374673072,5952.265873625653,1593921600.0,2020.0,7.0,5.0,,85.0,5.0,0.0,2.0,1087.9032467092336,1091.142246327729,,1137.8360722283667,14.141202581504821,57.454164646708676,,8.803026166423411,58.63519143079149,,1054.640580130836,63.017894505822284,0.989353501181339,5.142135099822514,-0.40372346471703946,10.0,0.0010815143246372184,987901.1255090099,64.55710836241765,0.753969507378718,27.0,151710.26384008143,,93.17478866467134,0.0,,
,100.0,100134.0,134.0,729643.0,42,999,1,,,8020.768862362091,4600.645623948489,51845.09005400482,4416.4472425000795,1586145600.0,2020.0,4.0,6.0,0.0,17.0,6.0,1.0,4.0,951.8142264445322,944.454053274164,1055.487069957068,1001.1359893373616,12.704379405908771,,11.411714158806687,,48.627497932479756,85.0,130.06175813427154,51.7920674927037,-1.7610556613439106,1.3039527904265447,-12.59907555847671,50.0,0.0009069698531952561,911671.6220148512,23.605666906080614,0.8363011724618072,51.0,35484.098785341215,5.975569574905817,127.85629076842727,0.0,-56.17343965377168,-0.2309757174079579
173479.14713948086,68.56746104805516,100135.0,,956773.0,42,999,1,,,38155.51797652185,28236.91543716111,44334.30464656784,1224.932312478657,1597204800.0,2020.0,8.0,12.0,2.0,53.0,5.0,1.0,1.0,801.2467407235322,797.6577972499437,894.6960822865235,848.4922469659223,18.10884465991871,64.59592038785368,,7.636275183130499,56.35302894219191,14.0,77.04028974146347,51.082156774096305,-0.8170873954540806,-1.3817856645652342,-3.974673591705882,50.0,0.000939682393153026,1203293.532468096,25.397828228125718,0.25486354940782463,,91786.10466413808,4.289422516543458,103.18937732315015,0.0,-53.23799708322301,-0.3815617885657648
217213.90068696914,39.79031272501712,,136.0,606474.0,42,999,1,,,61453.321999615786,46363.22189368085,14826.832649436665,,1604898000.0,2020.0,11.0,9.0,0.0,59.0,4.0,0.0,4.0,732.6230855837022,739.728551342849,,791.9627334014625,21.34086397763905,70.41355515975029,13.630212884753515,9.789268506386112,44.00046864411921,6.0,94.82263030682886,49.52265617372231,0.8454463697569516,3.7810857013527643,0.5959301620373896,99.0,0.0009212070868409312,1049674.6937611755,63.95327546755099,0.6960873999819885,,53194.938975543235,1.7383108305715438,104.4192787894265,0.0,-59.551273977851906,
170842.2264637093,100.0,100137.0,,596679.0,42,999,1,,,26383.547866966077,1015.4597491681355,3027.6801879775653,1737.247063348976,1688875200.0,2023.0,7.0,9.0,6.0,84.0,3.0,0.0,3.0,895.3350184279516,898.4974284050484,996.7482043354244,935.0767747444918,20.70004509009553,69.26008116217196,,8.694064413240698,55.13517211980246,99.0,,34.74665630570832,-0.9192130853525969,-0.9833135807782036,-4.0196408464242515,99.0,0.0009369526502840154,1155507.2555354831,62.79507570134177,0.9010147502560757,42.0,70457.79541180808,6.738353106831224,111.97376899672648,0.0,,-0.29176116577047284
246819.71725648793,78.7769616489616,100138.0,138.0,501645.0,42,999,1,,,2402.850133702667,8881.740210918895,,1841.1118321891804,1606107600.0,2020.0,,23.0,0.0,74.0,1.0,0.0,3.0,969.2809924588281,963.1283414357756,1076.9296520104194,1035.3929295596215,11.339878109358313,52.41178059684496,13.924031544675243,7.571656871968903,51.19135634183218,16.0,113.09807020297363,51.093789998503624,,0.0919483170592604,-1.4246572079675655,50.0,0.000995143896087053,972608.8868533826,,-0.04823177577540805,46.0,115843.23923096903,3.454070228550915,130.190512032985,0.0,,-0.2588079978887027
183346.39521968472,83.73078047640655,100139.0,139.0,672151.0,42,999,1,,,1137.9699415864682,72897.1747164375,20253.922996084493,3785.529811996735,1698206400.0,2023.0,10.0,25.0,2.0,60.0,7.0,1.0,3.0,1101.1863104013248,1101.5734837183932,1177.407664716047,1148.938860377897,30.30187638857341,86.54337749943214,9.482475957086175,8.109648287263518,,73.0,84.78282989620665,32.202089353816206,-0.21154156945107777,-0.4356530950857362,-2.2077318208487173,10.0,0.0010071089906385192,1054444.8879716448,,-0.9378306281245383,47.0,29305.743330258476,5.206104555989178,93.08573965543442,0.0,-54.375297645597655,
,,100140.0,140.0,869865.0,42,999,1,,,131156.8670851978,22993.35498856179,4870.754537245284,3132.2566899222675,,2022.0,5.0,14.0,5.0,8.0,1.0,0.0,4.0,924.3324895357594,914.2409471580447,1045.9604493628183,978.8433540408713,26.470015038203982,,9.625647692276122,7.246903149572995,69.41027752380171,28.0,97.38074241322238,48.722404692180504,-1.311198428081673,,-7.554784858945779,25.0,0.001011717497268042,841867.4544912222,84.57119756075981,0.7396568683492977,52.0,57602.266044376076,6.633653993037506,98.05812406011233,0.0,-50.95058438852489,-0.32118558230385574
154690.91890956112,85.50925073672192,100141.0,141.0,844834.0,42,999,1,,,20465.049293685362,5316.800625030309,3102.6163400826085,2112.7666455097465,1683345600.0,,5.0,,5.0,69.0,2.0,1.0,2.0,,1178.4960202669395,1266.297670863455,1211.6763845857997,11.513744215713846,52.72473958828492,8.770381189751971,,40.159569601046925,,95.17541130115771,41.598176396960426,-0.008591824790542196,,-0.5764753325116506,50.0,0.0009153911493714825,1234804.46576163,,0.3726490678030292,20.0,86822.50511307873,4.748487873762758,95.58626052210909,0.0,-55.101261282784115,-0.3407240270270966
196961.37786093444,93.84267141636042,100142.0,,788653.0,42,999,1,,,1969.6683051420846,13155.246401773948,,2642.9329060984746,1589083200.0,2020.0,5.0,10.0,6.0,45.0,4.0,0.0,1.0,1069.5082263229237,1066.2145093821425,1199.4047834775774,1094.4640223263254,-7.024324160135571,19.356216511755974,9.243166836352277,9.614190254050078,,23.0,124.96159038782301,,0.9103377278972604,4.830551809359644,,99.0,,1061913.0964661327,99.93847766787327,0.9810077236854446,57.0,36773.77806940189,5.619636350261155,109.3158715287392,1.0,-49.361256338367525,-0.3225647694526923
141542.85430706947,79.91095316901969,100143.0,,869763.0,42,999,1,,,10639.838979698166,1348761.02947893,385.4083580798593,1080.4918345753476,,2022.0,2.0,27.0,6.0,97.0,5.0,1.0,,1065.7009690110133,1057.7665684813678,1156.2968189275919,1126.5163445336025,,54.3068892533617,11.213689323929762,8.320177521213711,41.855556919243334,30.0,88.6398683763264,53.4859327150239,-0.6648303116893848,-1.9572198372534313,-1.1069318767997023,1.0,0.001080342036447784,1145210.3887137603,,0.8342213847929296,,61000.347171885944,4.209083273170133,130.85649520975312,0.0,,-0.4641032444401259
261587.43200765297,,100144.0,144.0,958129.0,42,999,1,,,71058.08179455965,997.7190191903437,,827.5780520416724,,2022.0,2.0,20.0,6.0,48.0,2.0,1.0,3.0,650.6594204373288,654.1972782775093,750.8634858785513,,10.731238003975406,51.316228407155734,11.308183170712557,6.5358112746619454,56.838579966307336,52.0,67.49978489513717,60.582376301512305,0.28055599708246476,1.6216837860018871,-0.5131921915432447,25.0,0.0010731720964789562,1175567.6532809816,50.90108806268873,0.4246445060716302,,,3.845483656380775,103.37699453204164,,-47.21639265746506,-0.310456424775701
237315.90404049412,63.305286159073475,100145.0,145.0,636988.0,42,999,1,,,102495.89245990051,,355.3908300383215,1568.5234719097728,,2023.0,5.0,5.0,,7.0,7.0,,2.0,804.7141453097609,801.1626523733293,879.4272653723538,860.6588126064677,12.037679909624755,53.66782383732456,9.085902787133165,8.797763751314303,42.47066206247371,33.0,139.09723969420972,59.743219048347015,0.008745597595462362,0.16991658256470307,0.555837074027602,1.0,0.0007760164988360814,986357.7768183885,,-0.7718225769607918,64.0,,2.672935733008138,107.80263441671427,0.0,-45.916111588481456,-0.574927739536341
219773.98492017965,81.68030805946528,100146.0,,764887.0,42,999,1,,,3034.170721671393,147703.64368351054,3178.6804086052525,3537.2371305541624,1660622400.0,2022.0,8.0,16.0,1.0,,7.0,1.0,1.0,1134.2020668587402,1135.2627865651814,,1187.7114475047022,3.905048559014869,39.029087406226765,13.538294000272415,6.143917445465924,44.39763884488989,45.0,82.09201320262227,,-0.05924609200817429,0.20450131206249492,0.4976636205346108,3.0,,949729.0855137957,9.451689631304783,0.4941908972158757,67.0,31541.62659756454,5.094442397814031,104.60639696833861,0.0,-39.678927389207814,-0.4625563618175307
,100.0,100147.0,147.0,583722.0,42,999,1,,,5820.88515178271,22830.93147149459,2963.381464986927,6867.697118894584,1671426000.0,2022.0,12.0,19.0,0.0,45.0,7.0,0.0,2.0,1549.188156767777,1552.848250769083,1710.4966014005172,1600.9957365714092,11.949853688178012,53.50973663872042,8.570436725585282,8.966830096604268,41.71649417575338,,83.94282354884427,64.7263940679141,1.9268700334082025,12.158902584936552,0.04326399188837882,10.0,0.0009346559629655762,1020939.431383539,,-0.1950223990274773,19.0,96819.63248245502,,121.08337859531711,0.0,-53.23265083880165,-0.525260516590639
,100.0,100148.0,148.0,886097.0,42,999,1,,,54633.01972899659,213482.3859239065,157649.57778770846,6446.824629494643,1622260800.0,2021.0,5.0,29.0,5.0,,3.0,0.0,3.0,1445.828101487106,1435.0303226079159,1594.7377143604226,1506.4673922966767,9.772122480123235,,10.860838753013306,,40.93476985328202,30.0,115.52595997602984,,-0.9938661792545244,-1.156839192466438,-5.477948624050994,100.0,,871646.263417396,,0.9828886140398532,63.0,36929.919960463325,8.614746477998686,92.48563558991785,,,-0.40648138436242587
176527.5745191557,83.99392831134368,100149.0,149.0,501358.0,42,999,1,,,22575.70975580248,1310.4773095752985,169455.82658549308,,,2023.0,2.0,7.0,1.0,82.0,1.0,0.0,2.0,1021.779002424251,1018.9674797923918,1151.129252975791,1072.0466923995232,57.06768596003221,134.72183472805798,10.944025048571033,7.948889459543336,44.014207394003236,77.0,108.87241173910164,60.73502003135208,0.12288093609033224,-0.12006782555722506,0.5817779493502276,25.0,0.0009927172234839628,827740.9606648289,74.8994956297336,,33.0,50434.03777061621,4.29379593091905,116.2327831823888,0.0,-48.96140730317815,
223800.41678180068,100.0,100150.0,150.0,591750.0,42,999,1,,,1063.5207815496349,1549.9326292623246,9180.40296201633,8496.00274100975,1579842000.0,2020.0,1.0,24.0,4.0,99.0,,0.0,2.0,,1047.3396100106404,1169.5433175591763,1126.7452770108416,31.68408452157781,89.03135213884005,11.943191339344175,7.570964329406745,48.28035597042923,,,61.44472006745697,-0.590468588798576,-1.3770442844164266,-2.6335488416193593,99.0,0.0011046860186063087,1033319.2765283884,98.12483592967747,0.3101087230768187,46.0,78558.41854634466,,112.70902057593578,0.0,-54.21807331955762,-0.6722679791994403
242370.30432137498,74.03371622702286,100151.0,151.0,912258.0,42,999,1,,,26911.21382399162,88781.63720908607,3939.220504285407,6229.38216990743,1698206400.0,2023.0,10.0,25.0,2.0,94.0,2.0,0.0,3.0,1181.5664114354174,1193.9733474249629,1290.369784050832,1238.250049466991,30.9502984824215,87.7105372683587,7.315144153745201,7.664777526049879,59.14386800587262,1.0,106.67947227251032,55.49132517785995,0.8645691800993327,3.386736661581879,0.5247288377250163,3.0,0.0009924278672965403,1080869.2992550656,42.57404568664085,0.8883055069410344,75.0,116734.41524819964,3.883349459429144,116.98932196844183,0.0,,-0.5143590516170085
158958.01007086362,,100152.0,152.0,663533.0,42,999,1,,,27890.605194996006,19593.551780667498,750.8657285602686,1108.2394379804723,1598068800.0,2020.0,,22.0,5.0,2.0,5.0,0.0,2.0,386.4123604089332,,448.2346520196189,431.4126584486158,21.239121779664334,70.2304192033958,8.91980939000227,7.16662499070461,45.19044938380493,10.0,102.64659277156336,61.53605166197835,0.5488257486402486,1.838132245187222,0.2237236168978387,50.0,0.0009108063951355363,1174255.5288914004,99.9295523921783,0.07352872378127362,,,6.148785132661491,81.39147784443256,0.0,-43.72179282765454,-0.5909063164107932
242877.77937773682,64.8161637930006,100153.0,153.0,980578.0,42,999,1,,,55229.29540413426,144827.69269977865,147.1588752073194,5617.14390499615,,2023.0,10.0,28.0,5.0,78.0,3.0,,2.0,1117.380258393284,1124.4585286123756,1237.5169963523776,1187.477559175033,29.34752236211921,84.82554025181459,14.92426206448932,9.848262901569326,45.56742088451526,92.0,120.0629867151971,56.769132487968704,0.8403701094811643,4.107087155058957,-0.40714364089612926,50.0,0.0011162439803975525,879319.464096072,88.20392192882265,-0.04509262904669731,,46369.269452304026,2.9369123969090785,110.75346742150464,0.0,-49.54543382658923,-0.5694448596232502
121640.51792783474,46.055116993315124,100154.0,154.0,746829.0,42,999,1,,,21791.640686123763,26674.355354721592,8288.034105180384,6454.396695109293,1672808400.0,2023.0,1.0,4.0,2.0,90.0,6.0,0.0,4.0,1099.1194061299227,1121.5376783333295,1204.2892899271085,1159.1482100652331,-0.28459972168939274,31.487720500959092,5.916402197143706,6.665780583264638,42.23750257729682,74.0,71.84886623262665,37.76779666914915,1.0458662318683176,5.44336422891691,-0.25856018844244977,99.0,0.0009226574091600191,991189.7906731723,,0.9105511585581911,29.0,56936.230022870935,2.9860982157701326,84.76967106815508,0.0,-52.2892046571409,
151214.88775118455,86.90270445573951,100155.0,155.0,726235.0,42,999,1,,,,9616.587957014088,465.35779500219877,2935.7998587081393,1625025600.0,2021.0,,30.0,2.0,12.0,3.0,0.0,3.0,989.1941076646797,990.8678912797003,1079.1289105918884,,17.17416235523655,62.91349223942579,7.813581086218197,9.786957254198498,47.70875512436149,67.0,106.05567870905207,53.400369108967546,,0.8581223685926519,-11.93687378483245,10.0,0.0011712701778402268,1078184.3391630116,56.55958165474063,0.14236976092160392,22.0,63394.05231633832,6.108642548698951,78.13537025371338,0.0,-56.24723834163573,-0.7513104523371499
202009.94350910548,55.753051221486004,100156.0,156.0,,42,999,1,,,65727.25368449726,,3112722.8040161864,3352.9691406680604,1691208000.0,2023.0,8.0,5.0,5.0,49.0,4.0,1.0,3.0,976.0789430320921,973.4312506095943,1072.0033234830914,1032.192108161664,4.9456467073549994,40.902164073239,8.625942055941014,6.631301868925615,62.3082272829344,51.0,111.24022819393129,,0.583770411197017,2.3940709224722827,-0.09789551690102433,3.0,0.0009229512755088773,867835.8906123299,60.80120637869937,-0.6242780901289582,61.0,57408.188201858145,,,0.0,-46.890113559370306,-0.3874396913441973
135358.0752462392,79.27241086056077,100157.0,157.0,743368.0,42,999,1,,,75520.67700416267,11968.306723658465,1133.3158201752265,607.0214191998217,1637989200.0,2021.0,11.0,27.0,5.0,45.0,2.0,0.0,,,772.2332829849436,851.2745680610503,813.6229547322472,13.212754728746905,,,6.636410116456382,51.8735316343709,,95.760821930375,59.23374238886647,-0.9373614999029102,-0.5369240597267753,-4.10983085955584,1.0,0.0009425917807201133,1084514.303107426,,-0.23232999139653776,,75994.92414456727,5.25395009648883,69.95141636460458,0.0,-54.86249939752354,-0.588289089622471
202281.66132255964,67.33596748724948,100158.0,158.0,582313.0,42,999,1,,,22264.86911712344,,21966.006972865685,,1597550400.0,2020.0,8.0,16.0,6.0,21.0,3.0,1.0,4.0,929.4113769160042,937.7401812081706,1030.6380224506909,993.6985164509332,28.15007488540911,82.6701347937364,9.985182769196758,7.944412982976902,79.76041248346758,7.0,62.111576775687254,63.99266247092646,,2.2104916879078695,-2.7233774588061834,25.0,0.0008984221464909875,990329.4542903284,6.00288189879401,0.42821510090061543,34.0,105581.19062746895,4.303079841870145,91.88136751114496,0.0,-58.022932892333635,-0.7625560840255171
,100.0,100159.0,159.0,727599.0,42,999,1,,,10810.673955288572,108025.27927368662,2187.7794458454273,3137.346590402237,1629777600.0,2021.0,8.0,24.0,1.0,47.0,5.0,1.0,3.0,648.3771745169201,,699.3439761111691,692.0493788175711,16.367890706601084,61.462203271881954,11.587369357472086,,59.75370931940236,36.0,113.67157184964495,51.27761563938994,1.095727177014775,5.883359266776189,,3.0,0.0010321561331489725,1038304.596205638,95.22932578708024,-0.3263640414939488,,37763.6104789755,7.952514277291241,103.26176818794156,,-44.983477594522356,-0.6727976039808303
239398.06236370673,83.74151551545769,100160.0,160.0,858759.0,42,999,1,,,14379.747844871934,42217.480669491786,2106.307957729074,4444.424251621584,1654747200.0,2022.0,6.0,9.0,3.0,25.0,5.0,1.0,3.0,956.891856911557,949.2837769702803,1061.5606059004383,988.5711710623864,14.832516847996413,58.69853032639354,11.583935471020798,10.129863543283605,51.24997786242547,2.0,102.71334247674335,52.88822849238204,0.485657893516995,2.4926445753455093,-0.6045759873910681,1.0,,848577.9880151869,93.32597608984248,0.6070648256443836,50.0,60640.174437464506,6.386965212188097,67.7111120749665,0.0,-51.49392495755203,-0.78351398422007
,69.81841287078687,100161.0,161.0,944757.0,42,999,1,,,134730.0291135744,1251.5288490018495,5303.906472752136,4123.610654425817,1605762000.0,2020.0,11.0,19.0,3.0,63.0,,0.0,2.0,,827.8777525669092,893.733753073201,868.8258441720085,9.30182722360727,48.743289002493086,11.39126424472224,10.703460450880883,41.532102947639714,,65.9456056147212,28.14563594745952,1.211880208652262,6.3070177691965705,-0.4213574463345938,,,1177544.2366156327,66.63800552857562,,47.0,39469.748079420846,,,0.0,-52.13352172044986,-0.8574355474469846
206170.54443407152,100.0,100162.0,162.0,669032.0,42,999,1,,,,40558.72579034622,633.6028765868354,3872.8111781871694,,2022.0,7.0,18.0,0.0,73.0,5.0,,,1048.7351661896842,1048.5437128662297,1150.3331180458315,1092.162833137793,13.535323021280552,56.36358143830499,9.067923747418225,7.613509030143645,40.950595816466716,79.0,,56.36100207832085,1.7158789611907546,,2.0423548899645994,100.0,,1000191.5146994395,37.38831546765679,0.49746451943571346,64.0,18547.29620831119,,113.69320655227536,0.0,-43.36079779277037,-0.7466986853234827
122158.77253705054,100.0,100163.0,163.0,738916.0,42,999,1,,,8183.097878164959,200085.61010259917,288.8314623970951,1047.093962283469,,2020.0,1.0,,1.0,23.0,2.0,0.0,2.0,1062.095219219699,,1152.251261365306,1124.4042456729812,,51.090440666278965,11.792304815209626,5.565699390953922,51.76865557051132,68.0,110.09118472414967,47.182978111601926,0.4252309328138474,,-1.8423481642370305,100.0,0.0010262404930773713,1026407.9588271461,13.848420460886713,-0.24788227307007293,21.0,60903.605734202276,6.3164825275402094,115.94555249597855,0.0,-48.79345009368714,-0.9018682048153572
168285.24934380213,100.0,100164.0,164.0,552859.0,42,999,1,,,7458.516807779361,45337.26746675904,932.2397113947418,1673.009116034427,1624420800.0,2021.0,6.0,23.0,2.0,76.0,5.0,1.0,3.0,718.061151757779,712.84405894802,799.3891451303618,,17.60649917481968,63.69169851467542,13.984258551741373,7.227841200696635,61.880168277006604,62.0,120.19931364228007,85.7402091302639,1.7858701190814283,12.566203255587642,2.167200107195497,,0.0010460212750568953,1005829.9815728968,15.049857131651102,0.45575367793689336,21.0,97764.18180300933,6.792356982544993,84.66351915803895,0.0,-48.51774094969912,-0.7821508351640035
,100.0,100165.0,165.0,658700.0,42,999,1,,,176757.32828162532,44811.555913810604,112942.43878541578,1662.096044568259,1666411200.0,2022.0,10.0,22.0,,43.0,5.0,0.0,2.0,880.2830404807254,879.3108162649388,961.1760544064756,,42.09611121508655,107.7730001871558,9.113398227217157,8.695009263014752,43.677539367294436,93.0,107.88368233405807,38.55616812061462,0.05361175936911482,-0.2230077949322664,-1.421000036009613,99.0,0.001095503169501814,1017048.0553394366,62.344145419775764,,55.0,22627.894286226187,,97.97364386345444,0.0,-51.16187170942129,-0.9208252049808727
244388.47573565756,80.93226447547201,100166.0,166.0,949269.0,42,999,1,,,21734.124762071315,24627.571518102624,305.3780174039071,,1609390800.0,2020.0,,31.0,3.0,97.0,1.0,0.0,3.0,1185.3861032992206,1176.187136964369,1288.7118334268575,,10.824430401064975,51.48397472191695,10.571767793224549,7.363128700618621,47.652446483065,62.0,96.00523618347286,51.88385072402788,-0.4776924604565225,-0.31932023126835496,-0.9446140904875862,10.0,0.0009030268657395258,749348.4651906528,,0.8703041866758854,61.0,139086.19264296803,4.565563965497089,105.05825719623518,0.0,-46.44878895194435,-0.7071784780834529
157536.444454151,100.0,100167.0,167.0,892523.0,42,999,1,,,155967.89953972766,49161.19511550144,13484.11968668949,,1667620800.0,2022.0,,5.0,5.0,88.0,6.0,0.0,2.0,507.12231141310946,517.7712359005536,537.0891963982101,574.4487560152153,,51.571134835409225,9.073465023222237,9.225908127224475,39.30512580212652,10.0,,56.66919569460673,,,1.3605116428254436,100.0,0.000985515850360475,1088088.7090784966,46.711559002006865,0.0818563716918741,19.0,56739.624031905456,,97.9666468141767,0.0,-0.330278585424688,
260455.11478774276,38.28441018012602,100168.0,168.0,703469.0,42,999,1,,,86266.42147707815,1598.5194398736614,4379.83104732932,3162.7748014389736,1596600000.0,2020.0,,5.0,2.0,41.0,,0.0,2.0,1063.0761682467773,1086.160069819714,1200.4196184426607,1117.516951223517,24.067079617433198,75.32074331137976,12.949244642427036,8.191168963673283,57.311521536022276,3.0,984.223647987128,58.22182372925954,-0.6527829085864777,-0.4284320133185461,-2.124314002526548,100.0,,985012.920850629,6.444282620999797,0.8363273777933578,69.0,24786.49221125562,0.7229588547007939,107.49213597905425,0.0,0.8272868027358091,-0.8648984519746012
261895.9404421424,57.60884395928264,100169.0,169.0,553732.0,42,999,1,,,44719.41093353271,1096.0143021482322,,8409.956895274207,1688443200.0,2023.0,7.0,4.0,1.0,68.0,3.0,0.0,3.0,1362.6449582924681,1367.3350714035473,1493.2669187269082,1403.040549208101,16.597763944796213,,11.91405873657593,7.427574082342831,54.42567845829134,38.0,95.07627418883446,57.976608864783636,0.3691237465763042,,0.45014608690019886,,0.001004455452003443,,63.58726693601865,,,95376.91850697999,2.5308660359240953,,0.0,-1.4279863581138246,-0.8208323852278568
,80.78748941252883,100170.0,170.0,832397.0,42,999,1,,,,,39.80233286978962,5095.490980187809,1630641600.0,2021.0,9.0,3.0,4.0,27.0,3.0,1.0,4.0,1061.5351549673358,1057.5022035655743,1165.2899665329608,1117.851492533532,24.656409861687276,76.3815377510371,9.824907584707818,7.57268430330953,48.6968348515837,89.0,112.1921367042949,50.5978630894875,-0.2803425411748859,-2.653096590448963,-0.4163688040644511,100.0,0.001010194505790162,1077626.9926862684,12.709433197436859,0.2930019686299987,57.0,45904.638735063556,4.689577705726579,106.06384426206836,,0.800005434405093,-0.9239237736682352
235335.3809969337,58.49669143810859,100171.0,171.0,563201.0,42,999,1,,,39557.76479794988,31310.337798346773,120234.75603769076,6761.003243555497,1690862400.0,2023.0,,1.0,1.0,55.0,6.0,0.0,3.0,902.6511124850094,908.0308354809947,1035.2709852901992,949.4851813772904,22.276292327804438,,10.969042418081965,10.79963663473061,33.72713608988633,,809.878849321944,50.04508869960928,-1.1340568460288476,,-4.130413889132546,99.0,0.0010701372936943831,1132103.0178961363,82.03288762624487,0.8319888764560626,44.0,30420.344937842558,4.509956305348035,74.88882752272909,0.0,-0.26480510224085485,-1.2482024209869689
254174.44484105977,65.05841262616504,,172.0,801903.0,42,999,1,,,16532.2667920283,24004.26865576498,1940.8712924463432,3270.6368859538616,1667620800.0,2022.0,11.0,5.0,5.0,73.0,2.0,0.0,4.0,941.2457200336448,934.877236512899,989.558932353176,976.7860339460863,9.607171001270787,49.29290780228742,10.155745795633592,10.257499393875072,45.20002389289252,11.0,100.4386234416292,54.14015977074743,1.4274709962581291,8.101891096488876,-0.48472693845770953,50.0,0.0010603186199497226,1056238.8807592725,35.46728758299087,-0.553441959579035,66.0,68556.87008625896,,,0.0,0.2350851402616772,-0.8513325937924187
209863.85216856288,41.30785485046782,100173.0,173.0,972527.0,42,999,1,,,18944.384131432063,,57.67499283727595,2636.6358474282065,,2023.0,6.0,1.0,3.0,33.0,6.0,0.0,2.0,947.1194801013744,948.2510688407015,1034.9623448100997,,23.07930002073943,73.54274003733097,9.017996481304296,8.231661800002355,43.883961804667024,18.0,75.09060259160033,30.427338028354544,0.29279131422392846,0.7598264542451756,0.28674287360122247,100.0,,992503.2773041836,96.59307765949718,-0.35562063766689356,54.0,95023.64182754073,0.9414676480870448,115.75650866383472,0.0,,-0.936834966185041
251558.39679955816,83.77965858591193,100174.0,174.0,524374.0,42,999,1,,,8993.092293510812,45137.33782537547,61342.27435287011,4520.580532675556,1613019600.0,2021.0,2.0,11.0,3.0,27.0,,0.0,3.0,1114.009376131728,1109.5634921869682,1209.267454466971,1177.8214236796848,-1.0394854546666679,30.128926181599997,10.674386174781958,8.22835622543386,53.86713606640567,54.0,73.8217035951411,42.92049461655195,1.8522740300557257,12.368799587758055,,25.0,0.001096483058626824,,78.64079698408982,-0.41320860232244927,71.0,87812.8030519522,4.9523893449376795,106.63207640330647,0.0,2.8453469972684102,-0.8059761658941644
207006.25358555373,71.95751598038152,100175.0,175.0,743122.0,42,999,1,,,4347.74207941132,947.0219584370211,3139.853474041045,7061.466412481112,1604898000.0,2020.0,11.0,,,32.0,3.0,,3.0,949.1015734583584,940.66949955456,1004.6201332270379,999.9905831347513,31.74139603107736,89.13451285593925,12.859396760914949,6.85934785687177,61.257856961864526,,93.79229609799945,47.70724781010996,1.9976168797676168,13.967195501994773,2.4579750112906114,2.0,0.0010900060502329774,,12.105919027050172,-0.8633383790863496,43.0,85490.89145275076,,103.25090501551152,0.0,-1.9590352622090972,-0.9353928165299574
239941.4404824424,69.52043856011079,100176.0,176.0,774855.0,42,999,1,,,25990.341069102025,174911.87432850874,,,1643950800.0,2022.0,2.0,4.0,4.0,39.0,4.0,0.0,2.0,1007.1006992745592,1022.0538769451462,1095.1145417974774,1051.6830129496584,32.294104838572025,90.12938870942965,13.599739919118878,8.647367215852292,36.7834609762535,14.0,128.0583137475018,56.53784600360184,-0.11080010603379073,-0.07967324637925394,-1.0242908655357,3.0,,1293811.569007779,42.028716454463535,,41.0,75861.19554575751,4.612981506703706,95.32698967860311,0.0,3.070467989461234,-0.965246071703213
216928.1142554058,72.99838679196145,100177.0,,760465.0,42,999,1,,,44895.497794121366,9793.056600094802,846.3226581866725,1060.5458921670588,1606366800.0,2020.0,11.0,26.0,3.0,11.0,7.0,0.0,1.0,915.9445041449276,917.3801210890774,1015.2363426517918,983.7265795606218,18.5260950863582,65.34697115544476,13.853249964267832,7.145405222837285,65.89096085251914,46.0,103.22653075333443,,-0.6151161849360015,-1.1237848957969931,0.409451616627424,1.0,0.0009593268097061074,,43.68369666873713,0.5040650956422721,52.0,57165.37288241443,4.8873074556604035,82.0559928174608,0.0,-0.6576615042231697,-0.8729585325255171
179866.33296896893,100.0,100178.0,178.0,719215.0,42,999,1,,,64974.66871331265,3075.689290222356,53409.56325819343,,1673240400.0,2023.0,1.0,9.0,0.0,48.0,7.0,1.0,3.0,,,910.7614723983451,860.1863824883152,18.653843795299895,65.57691883153981,8.76350515233786,7.428340712577648,30.544432284654185,37.0,,45.87030849957062,-1.6703422694893042,0.9139376895788276,-12.963529542384373,,0.001079900515235941,1108926.3700977147,96.97807253121006,-0.10625178649627265,39.0,57931.40929911999,,137.73535118672393,0.0,-1.7953002475869217,-0.9204629177965423
260008.23432531714,52.027255859024045,100179.0,179.0,720433.0,42,999,1,,,99124.90438124305,56748.449052248514,710.9916918472845,1819.8800129190984,1671685200.0,2022.0,12.0,22.0,3.0,90.0,6.0,0.0,2.0,1087.921652775015,1101.7380047916363,1204.5919280576304,1139.5512365738289,,66.07038830235578,10.144582585171165,,71.19049670983176,71.0,85.7850970030516,52.46173300183241,1.660075124368227,10.395352345435953,0.6630696849813739,100.0,0.0009279967209462046,874310.3841715114,96.25406449951544,0.9435121655897585,59.0,104308.60625427424,3.20579945229673,96.69875610718073,0.0,-0.7033349237758073,-0.9108358160263983
125858.30597917944,100.0,100180.0,180.0,997479.0,42,999,1,,,,17911.891388692555,811.022509684193,1482.1504922945028,1577941200.0,2020.0,1.0,2.0,3.0,29.0,5.0,0.0,3.0,958.5769247468953,952.6695858956373,1019.8840400979299,1025.9512444138757,,73.70717527026763,7.199279317091712,4.730016945816121,33.650467096992315,12.0,,56.65497177909358,-1.3450593400958075,0.28801013676592413,-8.355903419295894,2.0,0.0011109657108231228,1044720.633874684,9.62688655226749,-0.6198879320807755,38.0,28042.281368439268,6.6817197420275924,112.78260705898016,0.0,0.9206944771490602,-1.0058619262377848
228378.07910081942,99.43463799855932,100181.0,181.0,568324.0,42,999,1,,,,579.1487243331768,1466.8311375874255,4919.700687959716,1683777600.0,2023.0,5.0,11.0,3.0,37.0,3.0,,2.0,,874.7009368460555,931.9849762663441,904.2803283193981,26.992294119372115,80.5861294148698,9.35347943084261,6.686904281867147,58.55530386267965,,1062.439112878017,41.343366611080334,0.9258253183562295,4.077174130356124,-0.17771588635986377,99.0,0.000951303215426272,1052977.7465352542,5.725441948507381,0.37851798681890436,71.0,56217.694913456486,6.104802867314037,101.25566932893621,0.0,0.8051429079919067,-1.1447475653733195
,99.01940388566841,100182.0,182.0,948213.0,42,999,1,,,,,1455.5403148554067,1615.278260485566,1635134400.0,2021.0,10.0,25.0,0.0,75.0,4.0,1.0,4.0,1257.141902398891,1260.1912875373278,1395.4583972087985,1297.3960593039342,22.768857167334666,72.9839429012024,12.659937605471239,,58.401923966605324,,87.01238980854835,63.35691848606445,-1.71324841598598,,-12.481276141806054,50.0,0.0009378720640257536,946834.1895968616,11.666183616716264,-0.9573895944869295,79.0,54516.470459187796,6.666227684743397,87.46082627784727,0.0,,-1.091626478740509
183884.6042144022,90.59313920554041,100183.0,183.0,648075.0,42,999,1,,,261594.4268602832,30887.410010358006,27798.90108106325,2596.6472582394013,1664251200.0,2022.0,9.0,27.0,1.0,,5.0,1.0,2.0,1153.9054970939242,1168.9814646100303,1250.6236461596832,1196.200141202288,,59.84610609393353,10.718848982651629,,35.81271128792186,57.0,110.10506803546978,50.12099789732759,,,0.28832562562972364,1.0,0.0010450300327246014,950748.6668656011,64.39979991685763,-0.5778322151135158,40.0,75075.42541923937,6.451962330730919,,0.0,,-1.0180593460634562
149680.02311663175,97.43908720558493,100184.0,184.0,740737.0,42,999,1,,,231.96869961448073,2178.039222543386,4887.79273287405,,1581224400.0,2020.0,2.0,9.0,6.0,9.0,2.0,1.0,3.0,999.0514431201368,1009.3787403703917,1054.264568578261,1059.4997481886696,13.348350222998482,56.02703040139727,,,35.72328840095355,13.0,78.01060897751005,52.93823101333381,0.410985983527339,2.102585425412559,1.2881753251936154,10.0,0.0010419337052417488,973689.9670806515,28.36016170792661,,18.0,72037.84102773969,5.2156766461404125,109.12264897296083,0.0,-0.7226667726107615,-0.790908145868254
,,100185.0,185.0,595409.0,42,999,1,,,35782.966724788865,354311.0057841834,92156.87950160989,4367.528947634368,1597636800.0,,8.0,17.0,0.0,77.0,1.0,0.0,,940.7640781963571,927.7163859577872,1012.3730497080754,1012.7532142186766,,63.32884221881569,12.25636090469083,8.208184179264158,60.778995394269195,20.0,82.00888645141366,62.61420559674446,-1.6276650630590466,0.13941703901800956,-10.842125958884854,2.0,,1055819.3960011736,3.529632869386945,0.02053092861549266,34.0,113583.14249603832,7.285802176252332,97.63868653083964,0.0,0.20462066845414997,-0.9446389060052319
,100.0,100186.0,186.0,557412.0,42,999,1,,,705.9429925153653,,74005.14571423497,3437.4069465826415,1642050000.0,2022.0,1.0,13.0,3.0,50.0,4.0,0.0,4.0,1279.5343276557005,1277.6607219917514,1398.4292816379493,1308.33848032277,25.076126544213775,,12.200740482354597,,52.6603191470123,84.0,106.75651666159307,44.57931582469943,1.4064696183721124,8.618583410269224,-0.05359150628355919,50.0,0.0009265469984343615,933117.7453736919,58.17106449274196,-0.15884849192911998,59.0,,7.32386809035359,96.98139861597717,0.0,-1.1371928705398862,-0.8825230886164113
207220.02767104804,90.97640627355891,100187.0,187.0,693511.0,42,999,1,,,41077.76623709194,32364.087565829952,2688.5235596994717,2996.158312216403,1632196800.0,2021.0,9.0,21.0,1.0,82.0,1.0,0.0,4.0,,1495.6454246586775,1651.0687142144857,1541.5603808441113,21.138963163032795,70.05013369345903,8.8078115645269,,59.40037287731419,55.0,82.37240530366427,30.166641745271953,-1.9881713547095017,2.1248526384498634,-18.03599538034447,,0.0007233405622342322,1076608.1773120265,43.024786475664555,,54.0,,5.324652303475656,,,0.015069176887804334,-1.0897451771178708
,96.91962644672797,100188.0,188.0,784877.0,42,999,1,,,,5366.269168387484,1678.6796032031623,5412.806266596538,1620187200.0,2021.0,5.0,5.0,2.0,61.0,7.0,1.0,3.0,1248.101512101964,1237.6310253783572,1395.51725204093,1272.7991549330711,,48.747879507706806,8.918021152607578,6.36245605026203,41.225832182087736,33.0,73.78793658404341,50.9031028947599,1.9271987624244138,,2.2708217880435884,2.0,0.0009961075366300583,751088.4782524762,33.594654433497496,-0.15818240970814945,54.0,79320.148982673,,,0.0,,-1.1407561430147712
165324.25187464117,95.46253202115089,100189.0,189.0,930951.0,42,999,1,,,7984.971407251998,3084.295846140056,,1187.1688820181664,1588046400.0,2020.0,,28.0,1.0,22.0,1.0,1.0,,1072.3267886820972,1064.0907846408081,1192.899704486871,1129.0084788262216,9.515826229653017,49.12848721337543,10.187378195933615,6.746687395314453,51.65494258331971,44.0,128.23665749403636,41.81328743141624,-0.7051474276086594,-0.46300498890286823,-1.1245603532454682,1.0,,1040317.6210795535,76.58143278019219,0.8526444103487982,34.0,48390.68506720325,,99.71674467794121,1.0,0.23950150184223826,-0.891633616968369
,38.624599769004526,100190.0,190.0,555945.0,42,999,1,,,17696.680076757126,4017.718932499542,3715.711321441921,3137.339242042302,,,5.0,8.0,,49.0,2.0,0.0,4.0,1117.8877642779207,1112.627309905482,1195.1670983403162,1164.0286147707516,23.037407180507646,73.46733292491376,8.573539761285794,7.937452425283057,62.78433376892248,19.0,83.50986949378662,41.35741816899122,-0.09172427998476286,0.2103029162796033,-0.052715551771165214,1.0,0.0009411647866083431,1056759.125401742,78.91710251208022,0.4337550829652741,59.0,61256.18669539719,1.335558619358677,78.05443655257997,0.0,0.30900272393776146,-1.0069201333679307
,100.0,,191.0,501238.0,42,999,1,,,4509.395627183241,15169.130337762848,165.81389254515443,3990.89389960916,1678165200.0,2023.0,3.0,7.0,1.0,18.0,4.0,0.0,,1199.6472766401662,1186.9181942857033,1323.9610540240346,1234.7847260479589,,,11.194478257376511,,50.04575639238282,92.0,98.37193010433766,32.236748113774496,0.031765995627402344,-0.08903859122462696,0.26100360184627336,1.0,0.0008967755804295154,1121183.7301384977,84.126636797761,0.07879020079942456,48.0,43805.551632627605,7.228439557210156,120.67717893410838,0.0,-0.348389688237461,-1.0296586944970192
220029.06054187712,85.48339690852526,,192.0,914297.0,42,999,1,,,29280.12830478389,3700.6648523942977,2062.0786084882693,1534.1007602729005,1591761600.0,2020.0,6.0,10.0,2.0,39.0,6.0,1.0,4.0,,594.9291542425852,639.4302814680675,635.7999599382282,7.7355227651204945,45.92394097721689,8.545791552659674,9.870653957550664,51.401619233881156,2.0,120.94112409902606,49.13806521408056,0.014289415259096426,-0.24432766114291876,-0.22366450200951113,25.0,,845177.4548624262,44.720317678928346,0.23986655520328193,54.0,74243.28286546488,5.305562028801941,114.34169155151156,,0.4989574755844584,
215718.99223493948,86.07080951816967,100193.0,193.0,719808.0,42,999,1,,,27367.193532308658,10491.650632798008,3368.7256934785783,6257.053809593129,1592971200.0,2020.0,6.0,24.0,2.0,95.0,3.0,0.0,,1133.4425390556235,1128.0628367056202,1250.6341739186469,1180.3236068347067,14.400920727065449,57.921657308717805,11.990365242646362,8.2304075213476,48.30312684371043,84.0,96.08802904176525,59.57623552944952,,8.996900629369145,1.0148543821367713,2.0,0.000985865316699439,,41.521751390673565,0.779489537757859,47.0,60546.13667903994,4.683014146856177,117.0321335540978,0.0,-2.801874949821789,-0.9568232841836122
188347.9263932648,81.26654355330908,100194.0,194.0,840088.0,42,999,1,,,50048.07901961722,69473.52835329298,2833.787798136373,1210.2681732563922,,2022.0,9.0,,3.0,,1.0,0.0,,1016.4699284878546,1013.1529534901318,1102.4342846830618,,18.56646093097695,65.41962967575851,9.763422761104023,6.351536777289362,40.659199341665875,85.0,36.399807409101754,54.909748864269375,1.3285461696965617,7.255484537901318,0.8899691255105537,25.0,0.0011489006903235622,1104336.8680408553,92.27641531401167,-0.25135226671011623,60.0,56982.336938204506,4.507203775656737,94.37412866120758,0.0,1.11372595237439,
,97.59330879090076,100195.0,195.0,588691.0,42,999,1,,,15116.00288659854,97506.88939291207,2480.26506457886,7139.725964087297,,2020.0,5.0,21.0,3.0,55.0,7.0,0.0,,904.251525868306,907.0054752920047,1000.5396873472614,940.8395839587452,21.252990688853355,70.25538323993604,7.69658293142192,9.346376095980315,63.424432874560495,70.0,86.78305585030925,76.70913269485237,,-1.091120450341614,,99.0,0.0009488737082040091,976153.1693047968,15.090387750978795,0.41859537186525575,23.0,51983.582930829674,5.586361738414346,,,0.11411151607700525,-0.9232990450773281
245449.29048336495,100.0,100196.0,,582561.0,42,999,1,,,8577.463087213575,13308.283977309791,1515.8335322040962,2793.4570597398624,1672030800.0,,12.0,26.0,0.0,,4.0,0.0,1.0,,687.4841506296976,749.9226093816354,713.6533910692204,17.353124924972015,63.23562486494963,,9.427388946651199,65.51362044638529,23.0,154.3422619085392,48.885129635661976,,0.19512873996697017,-9.01388530214645,2.0,0.0009305008748098902,1037128.9002571547,18.77218443242825,-0.17674311637040874,46.0,34515.11439850657,6.535516041449538,89.9919230974938,0.0,1.1726689308831282,-1.0485514220509535
252952.22734607023,100.0,100197.0,197.0,,42,999,1,,,40412.56002154236,8440.520012774665,,3213.2480797502267,1600056000.0,2020.0,9.0,14.0,0.0,86.0,4.0,0.0,2.0,907.6549202918911,916.3302678155844,982.827896688781,958.7186687732957,29.674001134526485,,12.013682396679206,11.286653808088285,57.32958117483234,2.0,70.45215703637304,69.94126387257033,-0.20634649414564882,-0.0667432269466754,0.5120997872518654,50.0,0.0010005342004163682,1171266.5807479327,79.59139558924736,0.058575389520814314,40.0,98963.94690521274,6.714582578139524,99.06666512983004,0.0,-2.0100429556159947,-1.1951594829514116
281127.9382347507,70.27455075675444,100198.0,,566606.0,42,999,1,,,7811.3172922599115,3230.1924579243614,18759.11322909427,4024.030693714833,,2020.0,9.0,19.0,5.0,73.0,,,2.0,,741.2329143891681,798.0701462740703,756.9413635124974,19.681949304838973,67.42750874871015,11.76546584405845,10.159059561075505,41.89500512822602,15.0,74.54115438685315,40.663416991208564,-0.7249441717428169,-1.0238330163386289,,10.0,0.0010526899650683168,1097600.6396388921,3.425772304058683,-0.6915340539416299,64.0,33634.55144612726,5.477287380933533,70.32230101329176,0.0,,-0.8256876112655663
158168.0784650127,60.77517113250495,100199.0,,782811.0,42,999,1,,,58095.30848693797,3561.6915180559195,20456.622124830716,2972.33058504069,1694577600.0,2023.0,9.0,13.0,2.0,47.0,3.0,,4.0,891.3212725802914,888.1863087950202,994.446054931413,948.8551342236333,,59.374587225370746,6.660091228697867,9.977363790616415,42.974464913457346,93.0,123.94402950243628,64.7752871280347,-1.425073747238176,-0.585131364475306,-9.432670997513245,1.0,0.0011305084928941917,1007265.0466870982,92.15023875006845,-0.14416505890136522,26.0,112383.45311458084,3.3904504016581094,118.27026119404985,0.0,-1.7147123589049953,
189685.24435674163,94.5057365616534,100200.0,,852936.0,42,999,1,,,14832.325076994068,17469.354236076786,4706206.59623462,1199.1426057785254,1661918400.0,2022.0,8.0,31.0,2.0,56.0,1.0,1.0,3.0,1145.8366603927032,1145.5542539828787,1267.016824416429,1174.287894340077,15.9188462583218,,7.678072687018972,9.939543558099905,61.6049649750524,24.0,105.26849561150803,46.73124366239278,0.8785369563839958,4.481851609483576,-1.1689676405888298,,0.0008204906477289665,997556.5269857215,81.58683926171551,0.5088380645067896,48.0,52713.78603432082,,98.03194310214828,0.0,0.13496881322165388,-0.9584891008092824
174792.94162165097,100.0,100201.0,,521562.0,42,999,1,,,111903.30237241463,12256.077129054936,,2852.023179972531,1675054800.0,2023.0,1.0,30.0,0.0,24.0,,0.0,1.0,1037.9459154864282,1044.2345251609358,1098.608085844722,1087.8902185655193,,81.21675005428324,10.403166695009693,8.577745172058172,46.70820151604979,,97.87684912891953,46.678389307034365,0.767659580117156,4.3867720321251955,-0.366078712250772,99.0,0.001057053918994715,994713.4524915394,12.12534424427295,-0.5288066284650998,29.0,56447.96439126212,,108.6741333278116,0.0,-0.09460039527442654,-0.9446667662357138
170295.40921080962,74.41153531073269,100202.0,,507891.0,42,999,1,,,,194418.2496546683,39.341043536791354,5627.446915531234,1607058000.0,2020.0,12.0,4.0,4.0,91.0,5.0,0.0,,,1004.875942918725,1107.131860758958,1059.8197557172603,2.695153765751577,36.85127677835284,9.679390017457532,8.937046360015282,38.26647250295425,67.0,93.15624050096116,50.65740142124909,-0.05058540542637195,0.3997565456210338,0.02359844945448991,3.0,0.0010674730056760035,806206.0972060668,,-0.327463250442789,28.0,48932.38256144907,3.888329043811835,130.21983371792328,0.0,,-0.9567546374815404
242226.26542999936,100.0,100203.0,203.0,953754.0,42,999,1,,,,1269.427562657363,298393.5224234211,4409.052115778019,1624680000.0,2021.0,6.0,26.0,5.0,55.0,3.0,0.0,2.0,983.9211584509907,1005.4277024048758,1079.804281973792,1034.1579115145007,9.220512737663299,48.59692292779394,9.481847333025724,11.382500191824992,35.39999811021788,5.0,,47.16294774792616,-0.45422269539771254,-0.9134820977508198,-1.6313736918190005,99.0,0.001023729099061976,1302450.9355959715,81.06382319514948,0.9208868157678167,54.0,53161.8861760106,8.813849321160859,,0.0,0.18605434061686052,-0.8221636209820428
238941.56403708743,88.71149537847035,100204.0,,801493.0,42,999,1,,,39018.5332916366,19324.94193346957,2618.784918076105,5148.336396287835,1671166800.0,2022.0,12.0,16.0,4.0,41.0,3.0,0.0,2.0,750.8181193283451,754.3957054457628,842.1347096347287,789.305121789806,35.94880764237729,96.70785375627912,11.50347166702335,7.554990194949538,59.15531305482046,45.0,83.4697031849435,44.24846330887593,0.7123268383073497,3.1406977760411254,0.2794797692846907,2.0,0.000915956717529511,,89.03945879170637,-0.3674011818105569,57.0,66152.81206121767,4.584674789567093,116.75793034591871,1.0,0.4812555856644657,-0.9585254125536542
194688.65856001648,,100205.0,205.0,541544.0,42,999,1,,,3581.222806055822,48241.63001150959,,5671.875981151908,1685160000.0,2023.0,5.0,27.0,5.0,60.0,5.0,1.0,1.0,1232.3808295122462,1226.4163205800999,1348.0118911737266,1271.0548444779658,,,13.010477038402636,5.420016077178975,59.04192475022643,38.0,128.47157328244887,43.98252673048833,-0.6709777543537923,-1.3310954854270072,-1.942958306462477,99.0,0.0008516203380061723,901063.1474192477,83.84983604118078,0.3149280437580717,39.0,,4.543450522024833,95.66849983757292,0.0,1.4100552191179232,-1.040407023663669
213820.13003084753,59.55831542754361,100206.0,206.0,917575.0,42,999,1,,,85405.27937028627,244718.99394901306,313.4587102454549,,,2022.0,5.0,16.0,0.0,100.0,7.0,0.0,4.0,955.1289313390832,943.6394470076749,1027.2513198901474,1009.7315348887194,26.28467073800404,,10.919937060915919,10.733289744961676,49.089538941719454,77.0,113.7950935936864,57.70502148842981,1.0857440569865282,5.824020482411691,0.9066328859274437,2.0,0.0010730233380232194,1038289.2596149817,67.74464395993357,-0.8730822927813602,40.0,,3.048782962356338,102.97451239269826,0.0,2.059182332869389,-0.9142473830903184
172466.87855889517,88.87667231874616,100207.0,207.0,564657.0,42,999,1,,,75840.64067450966,68523.26440366697,,880.4672275485789,1615266000.0,2021.0,3.0,9.0,1.0,67.0,2.0,0.0,2.0,,784.4461386332492,,,25.44300833534214,,11.572962816927939,8.092382861358203,52.63466662949864,78.0,110.56007470154898,42.98496419677055,1.082021905942187,4.907547454769941,,10.0,0.0010007617624888383,929590.4853651196,11.161934807917884,0.3533806091933904,30.0,16522.571513353858,5.403778962619347,104.16641590794652,0.0,-0.37475643826932764,-0.9437628163073407
228781.56451007808,53.19940368043409,,208.0,559283.0,42,999,1,,,13214.687983512364,44627.978915192216,4033.7396865075802,1510.1729313374044,1673240400.0,2023.0,1.0,9.0,0.0,81.0,1.0,0.0,2.0,1049.7470342359893,,1154.256283496946,1065.8781189987246,7.223524412266251,45.00234394207925,12.269181827482674,8.578020050476571,46.72489092164729,89.0,97.55273303224854,,1.0057858097121695,,-0.841888708761246,100.0,0.0010007303406255586,784559.2938092288,92.25926765620372,-0.5326916243475337,55.0,30072.207999848873,1.8527763966133537,120.9500126052128,0.0,-1.3222265521974796,-0.846823641842504
132721.75949501415,99.95160595444666,100209.0,209.0,543544.0,42,999,1,,,7559.033514307111,383.76880784431654,8.301389128406056,5732.82135945909,1699851600.0,2023.0,11.0,13.0,0.0,56.0,6.0,1.0,2.0,,638.8814770250807,720.5500599398398,692.8918756109512,26.697464543901873,,8.403804671951406,7.206800616220645,48.84003020988525,13.0,130.10789026913787,44.89787162823014,0.6022383944393922,2.268665179411053,0.48488508306472566,99.0,0.0011309321920544041,991080.0033390439,46.275310443188275,-0.5768843100841112,18.0,119432.43768333082,,109.77645970548119,0.0,-0.7442520398924602,-0.8647064135632645
181136.23127549977,51.10720154925074,100210.0,210.0,722573.0,42,999,1,,,23325.046654011745,4644.293425187702,129546.2759494388,501.05786235602636,1613365200.0,2021.0,,15.0,0.0,57.0,7.0,0.0,,1151.1704257180809,1153.8538846855315,1275.3745351526104,1188.037986161733,15.472227943733099,59.850010298719575,,8.824546897715734,46.807782248171094,,120.73362489332784,44.72395797782739,,1.2318707021834998,-19.409012222502405,100.0,0.0010368185532150793,1014360.9034100014,54.668633900891564,0.7847072319163504,33.0,55327.09330053513,2.2160136528597123,95.00928367143109,0.0,-0.2607307415905695,-0.9534714955842317
270435.2003630097,59.39497092604431,100211.0,,556519.0,42,999,1,,,37955.16106889181,1108.9723506996481,3697.5767905978546,2574.5676852984307,1703998800.0,2023.0,,31.0,6.0,50.0,2.0,,4.0,1015.0902292423187,1004.6518688364806,1103.6492109737128,1039.2933059320048,20.56572268361667,69.01830083051001,,8.444224236593532,53.81989274531746,34.0,125.71875134499078,42.3146984007745,0.837369332959182,2.9016325833054264,0.6570295045073283,100.0,0.0008617775757421636,851155.4182685167,60.4882283014402,-0.5640393497923022,73.0,105614.88227765694,2.9680872109056633,94.62628815994297,0.0,0.8309685851375718,-0.7884121591047112
99068.78994452141,81.91458007128325,100212.0,212.0,501491.0,42,999,1,,,17165.479800369725,,6160.297113025124,9403.48168237011,,2021.0,9.0,30.0,3.0,73.0,6.0,0.0,2.0,,715.1413416436804,,765.265757889308,9.84821214315003,49.726781857670055,4.600152095901912,7.329091949179279,36.07401328525745,45.0,58.25233894121922,40.59760002388566,0.026087443443627813,0.5093777071038108,1.1755208259610817,25.0,0.000923731404824321,924181.2847771426,10.464748921084988,0.39267103380253543,26.0,42498.68151074007,,80.10380942598373,0.0,-0.32385606877056966,-0.6161113240174392
197023.287319419,90.61806208351133,100213.0,213.0,743137.0,42,999,1,,,129441.03995521509,,42348.01814972074,4963.907005170626,1648440000.0,2022.0,,28.0,0.0,42.0,6.0,0.0,2.0,1267.5725227476032,1269.9277578930157,1378.3042411907004,1340.8918527284372,10.982564619108706,51.76861631439567,6.647659661661691,8.031927536807832,32.09649841063204,,108.25341445716715,55.332918853119224,-0.5855824947893724,-0.8041422689827618,-0.813504636449221,25.0,0.001184013621707162,1024052.325870121,0.04236827483207195,-0.6616041248998796,60.0,60540.833658450014,6.856873823053104,73.79598452810879,0.0,0.948358456567161,
180679.2961699211,100.0,,214.0,514854.0,42,999,1,,,67422.53027315151,1717.4224433556146,5208.006436503688,4177.112855753499,1696651200.0,2023.0,10.0,7.0,5.0,33.0,6.0,,2.0,1106.645206582615,1100.5762397947565,1204.9888526147408,1184.426857769525,13.320583819854704,55.97705087573847,,6.080977984739418,43.155610618782376,27.0,73.87722570521663,55.60120588776153,-0.66332528713486,-0.8176261811512882,,2.0,0.0007756601052901474,892626.2511282164,,-0.47100239875108296,60.0,18953.032836237962,9.19753764962352,90.0439938486908,0.0,0.8050635925896685,-0.8309561562571265
342143.4475585595,,100215.0,215.0,746845.0,42,999,1,,,34433.59188813339,224314.11012047724,4629.46497042779,2394.7659395632077,1692763200.0,2023.0,8.0,23.0,2.0,70.0,,0.0,3.0,1300.4369751847157,1294.237147306764,1459.123978864189,1330.2385870795517,25.87301606865869,,12.757209866549415,9.60488819548023,37.75091573126978,25.0,110.91236290435829,24.79404724580318,0.6805738506291112,2.151267719475931,0.4255775001409874,100.0,0.001093679935497001,789731.2665539985,71.88458332837881,-0.5035394922912464,73.0,190563.88933523966,3.478255554948351,100.1130222721364,0.0,1.1035357672322115,-0.7462724024924701
276146.5601186612,49.86745012760254,100216.0,216.0,677596.0,42,999,1,,,47248.68571546143,154011.54620256435,1020.9831606204824,384.5651292854817,,2022.0,2.0,3.0,3.0,95.0,7.0,0.0,2.0,823.3510045766232,814.5734196739904,883.1965033437373,885.2138985831932,,118.63951723911853,8.662906116728735,7.34954287325447,42.989118119669996,,95.7657156495874,,-1.404230846991746,0.07975244237002577,-9.020027365655368,2.0,0.0009011499415182078,964853.8353135004,83.44576453070901,0.06125519796089729,77.0,134468.53041679662,,104.17792305158808,0.0,0.9759678559343785,-0.8243759315581849
217798.58391565128,100.0,100217.0,217.0,556838.0,42,999,1,,,26149.986815015945,37948.0664010885,191.53009892802575,5382.778088060933,,2022.0,,16.0,3.0,99.0,7.0,0.0,2.0,,1061.1622602273824,1185.120396316542,1135.7157565951456,32.18066797748561,89.9252023594741,10.144062638150062,,58.315425326809276,97.0,62.66435737193326,48.1098910775216,-1.2540491926299864,-0.5722645274268736,-5.226105937922416,3.0,0.0011645638873354549,,12.655433237451563,-0.47552461651901456,,49633.292834108615,5.471829028387248,97.69393804928106,0.0,,-0.833231313605173
236560.42276943458,100.0,100218.0,218.0,623206.0,42,999,1,,,61263.79131991083,349035.8272230311,4850.173813730409,11469.498477933563,1669352400.0,2022.0,11.0,25.0,4.0,1.0,1.0,,,1064.6600056634732,,1164.8461989853379,1120.018627512492,12.339745817938727,54.21154247228971,10.054772391167024,8.085630399400156,,35.0,105.13365828309948,54.682019991650726,0.8495814248864596,4.541062384777748,1.0952164422679411,50.0,0.0009981348571045864,1085075.731031079,45.9830180366335,0.06936562026289383,73.0,41343.18889980558,5.4555527056142195,130.99152196078987,0.0,1.0397947053339958,-0.657992068498368
,100.0,100219.0,219.0,828937.0,42,999,1,,,15067.851669399066,26319.00890252661,528.0158179855127,3675.5993515362084,1657684800.0,2022.0,,,2.0,99.0,4.0,,,1238.4955173260714,,1344.243449134783,1278.3350446494283,31.014107976270495,87.8253943572869,12.32141629651801,6.094332719808637,45.292929276988964,,60.65514627443095,38.604657609176414,0.9235836319336668,4.035697889489686,-0.6509593277666484,3.0,,815901.2634432821,,0.743436267784747,75.0,70160.31920499414,6.926324889364722,103.32049293128037,0.0,0.11819158991707411,-0.5021329687600851
245860.5950459869,64.71100265123688,100220.0,,707966.0,42,999,1,,,78508.98692207022,76192.69448821858,41.52764449596247,6374.294347385504,1599192000.0,,,4.0,4.0,72.0,1.0,,3.0,763.1987251729076,747.4034509271755,859.2211436243427,807.229890512453,,55.42267632221849,,9.81845476199336,46.394300295517866,35.0,97.43677729229474,50.89099591590287,0.17608360597605366,1.4962246622475313,0.02536200335876372,3.0,0.0009172738520241486,960126.2645643078,82.2305711982501,-0.24249926629205465,,80342.84833091454,,80.80455875165356,0.0,-0.16645499916668574,
197917.52744564545,60.83159423767367,100221.0,221.0,594109.0,42,999,1,,,54794.10150952219,9562.064466792308,6095.726804130543,3853.576684700808,1621656000.0,2021.0,5.0,22.0,5.0,97.0,5.0,,3.0,932.9669966606315,945.8736082187703,1017.5567102815043,982.4585491392756,11.677233995398028,53.01902119171645,11.65528737302854,9.279268586115442,54.0654234645926,83.0,49.458073709101384,53.73109152190941,-0.10688963647785554,-0.6708692739889104,-0.17730623144095364,3.0,0.0010717678867282893,863945.3381833732,,-0.11605983641150397,29.0,59924.262446282824,3.4239998847330266,102.84179393613664,0.0,-0.7638150622095684,-0.7219832855606575
124047.04594502601,51.79165653319413,100222.0,222.0,933943.0,42,999,1,,,6764.647854602806,,33115.20787322462,,1617595200.0,2021.0,4.0,5.0,0.0,29.0,,0.0,1.0,1091.2888339129838,1084.0191766318837,1188.1082157305702,1152.3670773872911,-6.798237770099227,19.76317201382139,6.672941077129538,8.631293017469655,45.267552315564224,9.0,110.64867552888889,46.25898967151219,1.4762848044504704,9.184714340984648,3.193207065637989,2.0,0.0010386471121639272,1061348.5455591644,57.16528079445528,-0.6689548245159849,,,3.1208606081621046,83.08373463837373,0.0,0.9512531076973356,-0.52744078797985
196908.44304717844,,100223.0,223.0,853939.0,42,999,1,,,22170.371308992668,7805.9002660580145,145.32957990370065,6053.776735298982,1589169600.0,2020.0,5.0,11.0,0.0,11.0,7.0,0.0,3.0,1516.3685795867773,1526.5519546089247,1693.8373944679513,1554.110262314412,19.587769856615914,67.25798574190864,14.530774894474197,9.01040309309124,39.55783540561984,95.0,102.51348338999257,50.89331829068073,0.4803012669689682,2.0268857340428026,1.3760979162648541,100.0,0.0009720314522558051,958514.1762543569,47.54692799800389,-0.8276346519556792,25.0,41573.89140076031,4.075492404233661,100.32219524395947,1.0,1.3349565299299815,-0.7221589341545415
218611.2530014967,72.56650020551129,100224.0,224.0,663569.0,42,999,1,,,40841.31847382286,13365.7812556299,,1891.969579729756,1637643600.0,2021.0,11.0,23.0,1.0,11.0,1.0,0.0,3.0,782.4131520451507,783.4568389501184,880.047271909867,819.61095922846,5.04883842304894,41.08790916148809,10.231551460270092,6.16864033287261,44.26351538585596,81.0,96.46751023139836,52.4750484521288,2.292629525336147,17.362679577979215,3.9811900656962047,10.0,0.0010608726468986302,998873.8342213882,92.7503032881809,0.9896791507416558,66.0,45533.05183821796,,92.92652231300009,0.0,-0.38178303058557245,-0.5355156792599611
217941.15514529543,98.57900172681366,100225.0,,607609.0,42,999,1,,,157042.83004052856,4517.688624678169,167.29705925521233,1986.6446391180875,1581570000.0,2020.0,2.0,13.0,3.0,26.0,2.0,0.0,2.0,1001.9329544712919,1023.5079859792932,1103.71808422884,1068.4907456601468,28.086268981682693,82.55528416702884,,7.850115800284394,56.72543696160751,,,38.53027327965448,0.6524917060635413,2.1753990274450894,-0.7159137013749591,25.0,0.0008794480018945578,829850.5959683965,55.863534897800584,-0.38595839027050305,49.0,49545.6137749203,6.09161022086651,99.1590816139123,0.0,0.018027159206261373,-0.7758944333354776
201659.7647205442,60.42571019770531,,226.0,593984.0,42,999,1,,,11425.61472230776,24828.292494676796,2498.701986958571,,1681876800.0,2023.0,4.0,19.0,2.0,18.0,2.0,,2.0,1193.0307183959626,1208.718193345127,1303.198327579043,1245.020953757314,26.545816154853533,79.78246907873636,9.086555512344898,7.830691505405011,51.76234448498814,66.0,111.66876341093865,63.508756750510884,1.51071517094371,7.885131483303622,,25.0,0.0010380641403960012,973943.7973320283,68.70258831414179,0.2499826497433839,47.0,96366.0830547739,2.2601094126045234,115.56618525684762,0.0,1.627017431103249,-0.39277399269694435
203199.10694393484,68.61537123504503,100227.0,227.0,,42,999,1,,,3531.023521581247,305211.18860158377,1557.2633322110826,2776.876453085557,1675832400.0,2023.0,2.0,8.0,2.0,92.0,1.0,,3.0,1188.9570193071015,1177.1488847697217,1309.1185213602525,1241.6153183271333,12.982791747359109,55.3690251452464,7.742581895476151,8.067475636033093,39.9400035929777,67.0,112.73434265263671,52.041024014712576,-1.0024666680323586,-1.2249780842130165,-3.1199089669240925,99.0,0.0010247368316107243,998450.1521234495,98.65662253999882,0.9418099527574877,51.0,56803.5151460067,4.689382320113519,85.6791329249652,0.0,0.5734705059334081,-0.65831634591315
150386.8795116122,86.23355303035306,100228.0,228.0,847646.0,42,999,1,,,196.73782662405014,34654.48378351514,9041.54001641624,7712.201839105348,,2021.0,4.0,16.0,4.0,,3.0,,3.0,961.9572796373456,973.1788205866566,1050.5859116067593,1036.2734087221074,,83.42563208148917,7.941849032027408,7.785871344460418,,81.0,68.88807523635501,38.713763458784065,0.19647916835867718,,-1.289145401036103,1.0,0.0009747305925612602,,,0.7813747100993422,42.0,60271.51978010145,4.92875909278958,116.84699831046677,0.0,0.6058384687970331,-0.5592971902501487
230940.5213919563,100.0,100229.0,229.0,609113.0,42,999,1,,,87285.52795437965,73489.49753001839,2671.29305579741,1503.3997224526495,1681963200.0,2023.0,4.0,20.0,3.0,100.0,3.0,,3.0,940.1238725675394,942.2426057183899,1041.0253737547084,979.3225027623962,28.630620770240263,83.53511738643247,11.636381457300056,8.612453813431976,36.50576582053874,55.0,,33.317810720582315,-1.0266152475627461,-0.43915665736854403,,50.0,,1066605.5645754861,80.76750809086529,0.7470397260368975,59.0,39894.31137296186,7.71341575805071,,0.0,-1.7259952630205218,
124504.57496409693,57.52746661138055,,,705571.0,42,999,1,,,14375.434782122366,2333640.909613742,112.59020742409164,2260.9678571194163,1616817600.0,2021.0,3.0,27.0,5.0,74.0,2.0,0.0,2.0,1377.5074565783725,1377.743747956136,1571.6863590130968,1446.4083229995272,17.084187233953582,62.75153702111645,7.605199681598023,7.989187491537153,45.74444137020953,59.0,61.50739579491986,,1.1474139990078072,,0.3996368328452398,99.0,0.001027211858336148,696560.7459067353,59.4161637869618,-0.9629528678140344,31.0,46300.14122715538,,113.15223325722596,0.0,-1.239389533093131,
272443.3060836835,100.0,100231.0,231.0,667565.0,42,999,1,,,6872.429236088237,301551.8347177926,311551.6936368916,2170.42511473163,1579064400.0,,,15.0,2.0,9.0,2.0,0.0,3.0,998.7517872510979,1012.9999575205926,,1055.660009522178,5.70028801403414,,9.358474086864788,10.32127768574638,42.48433660044143,63.0,77.42556148355965,43.54474194719801,-0.11895027198462346,-0.6878669147279917,1.1083464095973519,99.0,0.001082898315438866,1005334.970665552,14.426696862969878,0.8302335042924958,74.0,,6.464876439325394,116.73146052769437,0.0,0.7397305268302911,-0.4985014684725746
,55.69241412476494,,232.0,534918.0,42,999,1,,,3310.034393576508,,3023.8132762139376,7818.7426505755,1590379200.0,2020.0,5.0,25.0,0.0,63.0,7.0,,2.0,1278.362611897149,1282.7449002966966,1379.546394949608,1329.7722592904734,44.09018432936236,111.36233179285225,8.151481692230771,7.419411237764457,49.32847228814206,42.0,78.4929829491333,36.071952190487025,,0.5153868352009792,-11.661242195941416,2.0,0.0010086576731462482,,20.940829669216686,-0.5352445397343903,61.0,85579.96518056572,2.6153045127960053,101.32536727354042,0.0,-2.283124608005918,
172151.5956549946,60.756806166859015,100233.0,233.0,651195.0,42,999,1,,,,152.60434023893077,,2322.6444111581654,1703048400.0,2023.0,12.0,20.0,2.0,60.0,4.0,0.0,,898.4015236262203,899.0494017653642,983.6331223992817,972.1141719390627,13.40202164607362,56.12363896293252,9.367076015271174,,42.57992536781349,31.0,94.95627057464658,40.00419807385007,-1.3763641487524056,-0.5069457277430021,-7.034632224756653,50.0,0.000890628483919337,1001409.1520571817,86.82039009448323,0.8664151308905625,47.0,29043.755031341094,2.5361904384449225,116.17891907469698,0.0,,-0.43009210746494425
204564.16100864072,100.0,100234.0,234.0,991792.0,42,999,1,,,,9653.167119330601,8825.327041110533,2565.7950659690005,1689480000.0,2023.0,,16.0,6.0,,6.0,0.0,4.0,1141.8848970237234,1132.2641759409769,,1177.1573776090108,18.20347593168435,64.76625667703183,9.586872072592328,5.471964151552892,46.33408097919722,44.0,124.92808078000924,60.73677573179761,-2.28316661864301,3.461792790465175,-23.275455743402297,99.0,,,24.45653696024247,0.9684666836085765,46.0,153449.37949409036,8.329436331663093,109.32039075294641,0.0,-0.18141312540758864,-0.35040943724228324
180472.31014183667,55.382918105861506,100235.0,235.0,573982.0,42,999,1,,,5748.889060883096,33197.483648846806,2573.736214526115,,,2020.0,,30.0,3.0,79.0,3.0,0.0,4.0,,,,1047.073405488948,21.089417422799766,69.96095136103958,,6.511038430101819,52.15217567461103,35.0,85.60047571034973,59.61577881666346,-1.0234732624746576,0.33958013846986734,-4.993244525220056,,0.0009983159350747403,936876.2768703502,,-0.11497804860218142,53.0,35179.008385486566,,103.96851861055359,0.0,-0.7225595838903364,-0.4805091097988354
175806.5090041558,,,236.0,,42,999,1,,,23211.176857761515,18860.841041100357,1747.9712570403246,5230.756098036012,1618286400.0,2021.0,,13.0,1.0,25.0,1.0,,2.0,,587.9059652692639,616.9300797236581,,26.763696365448368,80.17465345780707,8.447446467961129,,52.19094556272573,6.0,105.02140655948612,50.588623299194275,-1.6333151064861071,1.383276403938051,-10.514663514492051,2.0,0.0008611944438165775,893747.8840174505,71.37692418698401,-0.3378575823271299,45.0,37342.68293649841,6.977001995285347,118.46227966527468,0.0,1.2291432431934426,-0.36703296225904336
117429.33169335044,92.10690436112121,100237.0,237.0,693415.0,42,999,1,,,,140291.410365723,19139.59613944052,3257.4952200109637,1589774400.0,2020.0,5.0,18.0,0.0,88.0,3.0,0.0,3.0,1029.302961661433,1027.5753383409487,1140.660785324203,1059.4088179997461,23.86198636954866,74.95157546518759,9.124943777721274,5.7976529032904525,57.88150220793495,99.0,114.11228645792062,42.2246607723203,,-1.4683371554451408,-1.475517326910898,25.0,0.0009066521121075808,1048934.1525216254,20.36227091498236,-0.7586570690639864,30.0,35993.0659441482,,78.46478421359055,0.0,-0.3720481772966373,-0.3540232347780148
226702.84879029056,,100238.0,238.0,648390.0,42,999,1,,,39772.5472206724,,1745.1498725925946,3186.9916638707637,1583384400.0,2020.0,3.0,5.0,3.0,81.0,4.0,,1.0,848.6379281615755,837.463954008348,929.9357576557722,897.4496622379181,20.44704185492923,68.80467533887261,13.159748339267756,7.712211105392373,68.73987891113146,,110.61669362025178,59.83713505170583,-0.16609893671438647,0.06320610628405321,-1.3273525231640022,1.0,0.0009561680094832183,802238.2473186821,74.69272899922017,-0.7072078127624353,47.0,,4.83628740413495,94.63666719752675,0.0,-1.5075580807156774,-0.3190769149731672
283701.99449199985,72.84918936355001,,,950453.0,42,999,1,,,139444.1909066602,289708.60657232127,540.4311613260202,3218.8832491221474,,2021.0,,7.0,6.0,72.0,,,4.0,1305.001889211187,1291.2234430685426,1444.9676061358605,,19.71979291172179,67.49562724109921,13.74397293111969,7.66127042247925,44.30484217596786,84.0,114.01891974944697,34.788422938690466,-1.6905585493392445,0.5103224013276335,-12.915515364450664,3.0,,754824.6067186787,74.83227497036667,0.33924390539761284,78.0,38760.29814378562,4.200343672291017,96.9162363121134,0.0,0.22236543730295436,-0.28809226010285144
242288.83687333827,78.94452079464341,100240.0,240.0,745294.0,42,999,1,,,49406.99499112306,,67656.70964298508,9797.129741312849,1590379200.0,2020.0,5.0,25.0,0.0,25.0,3.0,1.0,1.0,1230.9906842111777,1227.2215401714898,1387.0003751629265,1302.3969712088199,18.460409990029188,65.22873798205254,10.252301594397625,,30.939636878243896,67.0,121.58125816569797,43.70786044738763,-0.10403274729961458,,1.5892004561199005,2.0,,1031320.44986784,71.7746862798981,0.8308331674205467,65.0,34259.42914941768,5.214434404142868,82.99796997745827,0.0,-1.3663769446666574,-0.24374567185341806
,35.5594459926167,,241.0,636989.0,42,999,1,,,14742.414959615477,599816.4370528689,110516.64388509285,340.90025809379534,1668747600.0,2022.0,11.0,18.0,4.0,14.0,7.0,,4.0,1415.9815433016051,1393.140772148352,1565.0775992747465,1456.2954048728927,,65.19248185114037,11.890712065163235,6.401343086048842,57.11151855622575,34.0,105.56033228795906,52.01667114573905,1.5899838480169883,10.107271266811576,,1.0,0.001063770414522173,1031633.2044568397,37.32783472503228,0.7917831869416323,39.0,65690.73698868799,0.22709323579211738,118.8306107509429,0.0,-0.7295145187592875,-0.2838161557374491
162041.2923524116,93.44938696963436,100242.0,242.0,961128.0,42,999,1,,,44103.30864782701,9876.34535069432,708.5709924511248,4720.687677814251,1619928000.0,2021.0,5.0,2.0,6.0,97.0,3.0,1.0,,1189.7168654538325,1196.3636555808544,1296.3025712837575,1251.627319675204,22.840582051626573,73.11304769292784,9.323337301315007,6.063752785334876,23.709781455208372,94.0,97.85853414980527,64.70484164533691,-0.21505413200154844,-0.5126573537108037,-0.40716617869138905,10.0,0.0010150943439018846,861122.197060937,53.817577540855744,,43.0,47410.15169928498,5.968932200850901,97.02283019306562,0.0,-1.4949920418812959,-0.09629172030569264
177770.1395768699,60.97044917965792,,243.0,519453.0,42,999,1,,,28356.031653065693,5349.552484752175,1330.4113482092732,7512.482824896254,1627099200.0,2021.0,,24.0,5.0,93.0,2.0,0.0,2.0,859.3400787556784,865.8487337965214,962.5414083861756,940.5803028103841,7.323738988266195,,8.503664188537307,6.911689464286383,71.96767895670123,76.0,80.97481193708303,35.387748868995516,-0.45434652527743763,-0.22568247241515205,-0.9845276801343685,99.0,0.0009232638600791277,968123.7165380616,89.00051280010524,0.21932591211572272,38.0,112651.5549178228,3.857073947556612,97.33279967523453,0.0,-1.430489697206133,-0.4495544849026816
187670.6332277611,63.40805403135263,,244.0,926021.0,42,999,1,,,34017.873051700735,395091.063533507,432.10393225459256,1886.3908902408743,1696219200.0,2023.0,10.0,2.0,0.0,98.0,4.0,0.0,3.0,947.641602607819,943.9125954898825,1011.295255577507,990.7411163097875,43.49731044079408,110.29515879342935,9.071131496070667,4.791423378947916,59.73987480795096,42.0,89.30189730871092,63.75330783518859,-0.8418491456818255,,-2.670044314200465,50.0,0.0009553813561892846,1059796.4862039904,68.02326056392027,0.23712630141180346,58.0,41318.72821679403,4.74228891482336,59.63365838011605,0.0,-0.6553294858489211,-0.05183768680206302
214208.91889227435,87.53360714001117,,245.0,709332.0,42,999,1,,,52439.854510635196,23005.335085972973,4531.097125294553,5377.836448356231,1663732800.0,2022.0,,21.0,2.0,70.0,,0.0,3.0,794.2966999117482,795.1075992279248,885.981845484692,,,,11.5995889161071,8.443147023313964,57.72948298593604,59.0,79.26945282000375,40.98710495960413,1.250622050076752,7.527036415842658,,99.0,,1068498.0432463472,47.32508367572902,,47.0,40584.37768981074,,108.52907458112487,0.0,-0.3269005942108879,-0.11286509929295606
230645.99293944513,41.296230581548194,100246.0,,924697.0,42,999,1,,,12412.31802982549,8346.524222280466,557.4322114044943,2707.620276581014,1615698000.0,2021.0,,14.0,6.0,89.0,6.0,,2.0,,1323.6903843606824,1477.6391506037921,1403.4617442786487,29.892360819682068,85.80624947542772,11.689039421277316,8.141130315304672,47.195218010313795,62.0,101.01527078729711,,-0.09928896174486733,0.33446599798175236,0.14647170018862377,1.0,0.0009875476936720392,1077705.3710435494,74.8289248240744,-0.9828908485992303,55.0,60393.92167608305,1.6955299944103102,93.11106467116754,0.0,0.9398499288829123,-0.20186006608444382
,,100247.0,247.0,724907.0,42,999,1,,,16707.786246672316,37891.86769260068,,1321.8075832806308,1673240400.0,2023.0,,,0.0,84.0,1.0,0.0,3.0,1165.4863228675783,,1287.4774841831504,1200.3169340029024,34.2524305012979,93.65437490233623,11.111608365425703,7.67178951105662,42.128706464606466,59.0,122.04979140248939,37.16912041835089,0.9641350169674984,5.2136692025935005,-0.5615057750381826,99.0,0.0011625376657726152,1055259.0607451547,27.531390203044094,,78.0,47354.86823009946,6.484810016934123,102.5531298990718,0.0,1.4958095464864094,-0.06025178300603669
175020.04147500457,100.0,100248.0,248.0,832625.0,42,999,1,,,234783.43611315227,2595.1857981079747,7775.726938713992,5451.30220500614,1601179200.0,2020.0,9.0,27.0,6.0,26.0,2.0,0.0,3.0,,1101.90786581346,1230.74969742082,1150.652931747461,13.354948719205122,56.03890769456922,,7.416875904231989,,29.0,104.03737757424484,65.94706190868328,0.7206299091714352,2.913446262917072,-0.3915189880007124,3.0,,724225.2315876218,,-0.2666901573863383,,64329.84721044439,,115.76427712279228,0.0,,-0.12044394905053064
,100.0,100249.0,249.0,806733.0,42,999,1,,,3099.5687212388298,2460.2078597708105,707.397672755951,1786.1854948494015,1678852800.0,2023.0,3.0,,2.0,92.0,5.0,1.0,2.0,764.8280280620927,741.2797556621338,838.1782195644947,828.8035845660821,9.353327761441525,,8.181155355493715,,45.52407536429728,82.0,60.91423735396283,37.89484666221249,1.521544453963962,8.760077485437042,3.4371575848741984,10.0,0.0011153692527611496,1001999.0689125848,94.35217794215617,,46.0,33656.28778564503,6.3607726665357855,92.86706652496724,0.0,0.4712895326809901,-0.20113513667651106
,,100250.0,,639922.0,42,999,1,,,68492.78623048533,17991.180948625875,2827.0830260770445,2274.534015504444,1679803200.0,2023.0,3.0,26.0,6.0,22.0,4.0,,4.0,881.5957949100712,880.5524120243108,963.0137620195143,938.7827608007184,12.847503176445429,55.12550571760177,14.363581478778391,9.980831493809955,54.05682926512283,37.0,113.59060810338558,54.25565162847317,-0.6429013275141016,-0.7025416618485572,-1.3808989134058514,99.0,0.0009723907865250212,1060001.6220670196,63.54668099277983,0.9438931564060022,40.0,71350.5083663452,3.231914967052827,,0.0,1.347989608712117,0.05743553646761705
,100.0,100251.0,251.0,659178.0,42,999,1,,,92336.81519834693,109984.70701403091,78605.67589665616,3701.461584159855,1661486400.0,2022.0,8.0,26.0,4.0,,7.0,1.0,3.0,1157.0261173117271,1165.85162288467,1282.8413155960918,1185.0274092175196,2.691454226272583,36.84461760729065,11.616247922983817,8.228722350406327,54.16943867114314,30.0,87.35139907422686,54.239720204770926,-0.24626491921879748,-1.4037266067028786,-0.504892742729262,100.0,0.0009876504901251727,,99.40682108729015,-0.3356116805129856,,104709.80993067384,6.2255609941474725,121.37348593081921,0.0,-1.5016939634257531,-0.060863167134133034
171681.05880492154,100.0,100252.0,252.0,632009.0,42,999,1,,,27523.323289999003,9259.17872224993,2658.951343442744,,1620792000.0,2021.0,5.0,12.0,2.0,14.0,5.0,0.0,2.0,1179.7886110245709,1186.4326196788268,1298.851313049503,1224.7594254422377,36.135588174904086,97.04405871482736,8.581321304861367,8.885538476066834,39.81377141570492,83.0,105.5197031724349,42.7417815121597,-1.0033574949811084,-1.1526921602163578,-4.6121872349762745,50.0,0.0009600704569037234,970827.0863613742,27.666232626881026,-0.20483590277563946,35.0,59382.54351203079,6.3755707373465285,114.85305214662974,0.0,-0.030883865231902494,-0.12113713509467194
164761.69735956655,34.66311144753651,100253.0,253.0,931828.0,42,999,1,,,13540.896839546778,18600.814225757094,1403.0577625188023,,1661486400.0,,8.0,26.0,4.0,90.0,7.0,1.0,3.0,1026.461551240679,1028.9979589019808,1124.9668269622916,1079.303655570684,16.601554851665377,,6.786634180086551,7.749325421257657,,69.0,84.71719405176206,50.952696819485446,0.817823074626119,4.0809563553387695,-0.25518977853759783,1.0,,,90.38787277754629,0.14134980608494185,39.0,70965.479255727,1.9420789257310949,96.44113698374585,0.0,0.09251795099815585,0.09844564598519512
231767.4875233834,100.0,100254.0,254.0,800961.0,42,999,1,,,90080.84438148078,,776.8923791400198,7516.384996849969,1649822400.0,2022.0,4.0,13.0,2.0,78.0,3.0,0.0,4.0,1106.8972918517006,1130.6235470513918,1218.300465724563,,,69.84156845835605,7.80172875644614,5.594353784337698,43.467370595327324,42.0,119.52338297447724,,,0.29834395611329867,-1.2048315961244593,2.0,0.0009744308627847304,,64.33571160679591,0.37428719264276267,69.0,,,102.21134486258644,0.0,-0.30651173210432425,
162429.27364239574,96.610514462082,100255.0,255.0,672353.0,42,999,1,,,24686.192736864272,25714.636593994524,2474.1496956298247,5167.352943288938,1611464400.0,2021.0,1.0,24.0,6.0,100.0,1.0,0.0,4.0,1362.0151583789407,1353.7781136771405,1539.149305279842,1393.9390694208005,,,10.97006563223131,4.803365406155715,47.42471549533367,27.0,100.33242289021236,58.523111780688964,-0.3332615010935284,,1.9697553896028344,50.0,0.0009232833970077348,1082122.6842793417,66.67072737434889,0.3722417976877721,37.0,40749.90179753815,6.1079242362880555,105.3758283280119,0.0,-0.30876641802462446,-0.00797155722680834
192765.40503346734,88.30971317707684,100256.0,256.0,814597.0,42,999,1,,,11550.453320789742,20577.821196976853,5164.144912066983,4477.6596156405785,1594526400.0,2020.0,7.0,12.0,6.0,84.0,2.0,0.0,,1131.8247955955267,1126.4062505252339,1246.2712237451024,1167.8496553856428,25.4669413080851,77.84049435455319,8.632955660699913,9.251246349581256,50.03596800176375,68.0,102.51424571466771,55.1313455564003,0.8337846440443816,3.5963302118055855,0.9071334213555577,1.0,0.0007181280892453019,930719.4332493638,79.01518848884166,,42.0,70158.37628517747,5.886789870660482,90.41854992807203,0.0,0.3382681255141728,0.05442851102942402
168962.54552020942,55.51699006708439,100257.0,,922287.0,42,999,1,,,3754.119343095056,6549.933701826743,6911.131729536075,2958.844495418962,1594958400.0,2020.0,7.0,17.0,4.0,2.0,4.0,1.0,2.0,947.8740150137386,935.5913790960451,1032.239092860008,980.848641633873,26.29312735990602,79.32762924783083,7.728781291307532,8.755204897519619,41.579695905553926,93.0,139.49479000921602,53.02358321793022,,,0.7206887928035964,,0.0010955877845043956,1084259.0574030518,,-0.04296348807146755,,79519.3044415646,,104.47327900547644,0.0,-0.3703597499217976,0.2445105824187739
205675.69997559636,61.25160284888106,,258.0,812275.0,42,999,1,,,31065.243672579418,17519.188774208575,2234.2260159909633,2896.1361185433216,,2023.0,9.0,11.0,0.0,31.0,6.0,0.0,2.0,,842.1271284868483,881.7231983133263,856.0064064413187,19.018275006096747,,13.024299246985727,6.177887157884148,41.66129499369205,16.0,91.20333878914343,51.84720715472842,0.4026104013498408,0.9131688890536518,0.608839962973033,10.0,0.0010023304648285756,992732.0203305512,70.55411369173335,0.3897994595428722,52.0,43537.29844013721,2.5401103247138277,,0.0,0.11425326220294815,0.2788083593799584
201259.51448306497,50.15415179198863,100259.0,259.0,570919.0,42,999,1,,,78492.7587383611,25545.383923216912,15256.469793303446,5697.451557467045,1654056000.0,2022.0,6.0,1.0,2.0,56.0,4.0,0.0,4.0,919.1803441553641,934.8161374011923,1005.8638345258693,951.7915093724972,30.58629187217985,87.05532536992374,11.611010889967387,,49.69573592556011,79.0,128.30318464890178,42.86239044750669,0.5356919003727012,1.6758538044710807,0.7665156575437998,10.0,,1023304.5883054868,84.58234426865423,-0.4082325045547992,55.0,51196.64631199665,2.620850888070415,112.18439383297816,0.0,-1.9396418186000877,0.20650823896887024
236198.3916877293,49.081773320523986,100260.0,260.0,841590.0,42,999,1,,,187331.67744968447,131976.25803250715,109094.51275571132,4046.2022233809785,1640494800.0,2021.0,12.0,26.0,6.0,57.0,4.0,0.0,3.0,768.8815700265977,768.1538261923829,842.0542153418173,825.4710824559804,21.805952490091848,71.25071448216532,11.026960467028891,8.668805089594766,44.74434064525906,96.0,,45.916110501137354,1.255097987457626,7.127428247416561,1.0517636804618418,10.0,0.0011121449294110384,1099086.2860156377,33.754846379284956,-0.3805450062460951,56.0,41113.84627061409,2.165324289058325,103.67274475428269,0.0,-0.6636138581977531,0.2811412627150091
233405.64684108706,63.210283697372915,,,707743.0,42,999,1,,,,4270.581872793681,1717.8800253119944,2425.397729707432,1652760000.0,2022.0,5.0,17.0,1.0,91.0,6.0,0.0,2.0,1128.209877492144,1142.9613838295759,1206.6810208886695,1142.6421703283333,21.839321724419243,71.31077910395464,8.820598241019287,10.29961235211769,45.878348434421646,,64.10903088832096,54.25178961838689,0.6033483102610672,3.568960323221912,0.8337671980741233,100.0,,1070814.428828679,40.580156182808736,-0.11793243390913943,57.0,36679.31169497277,3.9044624193315096,83.63840014667595,0.0,-0.6461635843010654,0.49524221732889845
170983.1599046707,100.0,100262.0,262.0,778393.0,42,999,1,,,121037.89889293202,28344.479199349986,7655.888124003015,13055.430975817184,1650513600.0,2022.0,4.0,21.0,3.0,56.0,1.0,1.0,3.0,554.125203704732,571.1720703173256,630.6247553954659,576.1029261170376,,,10.316313612872511,8.683269146313663,43.17666442384567,13.0,144.35955713348875,70.3672114607116,-0.22531833292530176,-0.6371257607954957,-1.5475923003482328,3.0,,,10.515404850371347,-0.6719006426467244,41.0,30391.962359140205,6.990094991741844,107.86790378743143,0.0,0.5981073500642704,0.28515042757147974
187083.70190610216,55.87621690543296,100263.0,263.0,681481.0,42,999,1,,,23569.820581293963,2642.071918898109,27928.662052524312,1915.0739446275154,,2022.0,8.0,14.0,6.0,89.0,2.0,0.0,2.0,,928.7349401015829,1026.6174802781354,1001.1244089639198,18.88467964176082,65.99242335516948,6.314743793304855,8.08651736777674,36.06316190405732,,85.58677850821275,43.82780216040494,-0.5495883141666258,-1.3818711990561074,-1.703164033228594,10.0,0.0010182362069175316,944986.0893631326,68.72766111314658,-0.5496120571432888,49.0,28328.459085990038,,105.06860115527054,0.0,0.44994931384036835,0.43194404555167365
211327.60413186342,61.96606103575381,100264.0,264.0,941909.0,42,999,1,,,33474.72296727736,8332.120949977601,320.020570834509,4266.3459345450565,1587355200.0,,4.0,20.0,0.0,48.0,4.0,,,,1007.3909421022792,1121.44506184286,1062.6420119163352,31.2622997716062,,,9.163223496364273,51.090234811803505,87.0,58.63666946464473,53.22041973661168,-1.1789592169815981,-0.5234870644121716,-4.872134662104871,,,919884.9181128582,,0.6907256304040694,42.0,,3.4691655149854563,101.0248414072773,0.0,0.5062109955433207,0.28645347771826685
224838.11843098904,100.0,100265.0,265.0,564421.0,42,999,1,,,24979.17443575324,,36414.95155631195,1523.4366864954345,1696996800.0,2023.0,10.0,11.0,2.0,4.0,1.0,0.0,3.0,929.377185802973,939.7628891430547,1064.6766861211663,984.3986842587054,21.157772566200542,70.08399061916097,8.302373879179342,,57.096052691622475,36.0,97.55949596958274,,-0.9209931342434712,-1.6654418821757482,-2.957042734990762,10.0,0.0010078536815878792,1022178.106652022,71.84115742444378,-0.6522030772754053,76.0,65475.265456098125,6.710582605148114,118.92762325656247,0.0,1.4626583326412868,0.3293740336376003
119416.63861808459,69.19405951431443,100266.0,266.0,790718.0,42,999,1,,,4198.178030304191,286128.4349336717,493.47278263489704,3782.4303708193497,,2023.0,8.0,31.0,3.0,13.0,1.0,1.0,4.0,1069.56813771946,1062.5512422741213,,1114.526134301052,22.462662328608737,72.43279219149572,5.772925409001227,7.347079859893171,59.77796054446892,54.0,114.9247541234441,66.71488781308062,2.0586585755650124,,-0.28068695437507607,10.0,0.001029895632387723,1099355.2114737069,97.39542364090964,0.6296565715132394,21.0,53104.02442802685,3.606844488066998,103.36527419209723,0.0,-0.09661731124512564,0.37562529533007555
229401.84434400374,100.0,100267.0,267.0,682727.0,42,999,1,,,15451.480863000761,26191.689507746258,1968.612544904039,1799.2409860760924,1692158400.0,2023.0,8.0,16.0,2.0,80.0,,0.0,3.0,993.0525291178342,,1121.3209146500958,1050.9575019844115,24.58937142185433,76.2608685593378,9.167901324654574,5.894009590903828,,67.0,113.05507932332928,52.48331324008236,1.4688427486602629,8.60753639818776,2.124925112501754,99.0,0.0010145503829984334,920810.0279649246,21.636627872478243,0.9161348051935927,75.0,59321.15732114204,,,0.0,1.6341357493106847,0.47669538764659924
256545.7639888881,39.33745034221091,100268.0,268.0,763033.0,42,999,1,,,59524.98823670741,256.71268375983584,12665.228015257455,2724.168570497162,1595217600.0,2020.0,7.0,20.0,0.0,35.0,,1.0,,733.0012512794357,729.725303967165,773.1384412223413,762.2515773421566,28.41080388220007,83.13944698796013,11.14219828831093,8.624299176895944,37.68388260646759,55.0,102.21939094111694,45.50646073096676,,1.613101065755291,1.377456114240669,99.0,0.000849614816194173,991529.7479814745,,0.34539818396196775,57.0,97254.62944503839,2.1972395974242307,76.87346924423824,0.0,1.231418664474968,0.5416280491003237
284658.52306030074,100.0,100269.0,,658358.0,42,999,1,,,105227.48313288171,176617.7026478153,,,,2020.0,5.0,,0.0,79.0,,0.0,2.0,1181.8671166283068,1160.2045484467706,1285.3428209787378,1223.4522863985208,1.2683810493226915,34.283085888780846,14.438652814236372,9.112035647654256,50.01160746408209,72.0,,52.45946686672959,-0.0036231702976007698,,0.840876825060184,1.0,0.001046805063965959,1063229.251211943,96.12016982525762,-0.3182687466431071,67.0,100570.89007786437,6.158819434171217,94.87888898611851,0.0,,0.5470550249699067
218070.61506022135,66.32866103332702,,270.0,821833.0,42,999,1,,,12098.372110406297,133534.05414391364,433.6777006159207,3335.6272274647768,1649044800.0,2022.0,4.0,,0.0,31.0,6.0,0.0,2.0,1043.0704294194645,1048.0368894573212,1148.081037551674,1095.8139978602712,10.290313797606661,50.52256483569199,10.415898144392733,5.420424941857998,37.89877733770268,86.0,103.02185654647973,,2.8346643252119446,24.816636250362723,9.28886355383881,10.0,0.0010631909170782598,996314.5375301545,54.631659528360245,0.5387265517130053,73.0,68739.38752974117,,117.68411378278353,,,
,97.25907380483582,100271.0,271.0,507710.0,42,999,1,,,14103.87494548907,190231.08833521997,103290.13229368922,3668.824775423991,1637816400.0,2021.0,,25.0,3.0,53.0,3.0,,3.0,1034.58781977502,1028.1298413517727,1155.5109125399297,1089.5086140237934,22.41688026038871,72.35038446869967,8.5433245866617,,60.367390773937416,16.0,106.12007139146326,33.66530318244815,-0.9107767279019445,-1.3720231604962305,-3.043212672285735,3.0,0.0009883103181480375,978009.364258883,47.621630770507586,0.6726851597676338,29.0,26313.710340363446,5.9842198519793115,110.79231125691877,0.0,0.7530117956563659,0.499498234491648
175348.29284722396,74.5657556063431,100272.0,272.0,983160.0,42,999,1,,,7428.514611358352,8557.900999092546,245829.382452502,2187.6453121266986,1597118400.0,2020.0,8.0,11.0,1.0,77.0,1.0,,3.0,1103.938185915878,1101.877388320235,1245.4386826493364,1159.3680931670497,,91.556162832392,9.095348710436205,9.772846426428407,44.94562339900427,32.0,72.70069541496987,,0.35402668645946345,2.244246815216209,0.872517953602436,3.0,0.00110490126658526,1067141.0044072934,90.2657325699912,0.6120466704512051,29.0,29079.722225558246,5.399946764046569,92.79933017429009,1.0,,0.5174774262890498
251363.4247643975,97.39604150494512,100273.0,273.0,623261.0,42,999,1,,,18673.51493995299,,6103.007383117706,,1621828800.0,2021.0,5.0,24.0,,73.0,7.0,1.0,3.0,877.2723515398155,873.0298035432925,960.94441713835,,20.150136913757233,,13.06738704414378,8.148513084823158,54.33818775304286,,104.20263894997953,52.32401506745866,0.2989834538208506,1.5851117375857222,-0.2966411205066281,50.0,0.001027766869273451,998320.4625651456,18.68446380086326,0.6070420654995723,61.0,58805.58462645371,7.087137634630423,88.88106389570764,0.0,1.3359257904228143,0.6166447811032391
264902.295091329,86.22605995248308,100274.0,274.0,507575.0,42,999,1,,,28388.341061959814,52270.94448227359,10466.655715777344,3035.5098278416444,1611723600.0,2021.0,1.0,27.0,2.0,80.0,4.0,1.0,1.0,1165.060696542466,1163.8897477655503,1297.055793073166,,8.337818661948472,47.00807359150725,13.975443413759262,,39.75653940100268,99.0,91.15491932858943,,0.14181834852588374,,1.7386191648861846,3.0,0.0008463654659120973,1008430.850663428,,,77.0,,5.916801365656031,89.25581874635753,0.0,-0.30983441156606834,0.7407170357570818
190567.37193102707,84.76940843231336,100275.0,275.0,548683.0,42,999,1,,,17515.60466032013,6408.283661090457,557358.7956511155,1137.6092184321371,1611464400.0,2021.0,1.0,24.0,6.0,86.0,3.0,1.0,4.0,1220.148923172571,1230.8818797159736,1366.2880280700247,1242.2078689890388,9.733029690165043,49.51945344229708,7.651817986310496,6.690048779900656,33.49848365926697,87.0,,28.669518552426787,-0.668679495848005,-1.0429095806559272,0.646564200990714,50.0,0.0011934947517954501,798542.4277129387,76.4986509660165,0.7478722811735874,55.0,103748.08377311604,4.773171529278724,106.0045080924877,0.0,0.10069932725092408,0.5232081539043415
284741.1760860089,100.0,,276.0,713833.0,42,999,1,,,81583.42115363109,11139.425925666366,218.76054836629334,6217.834271255722,1672722000.0,2023.0,1.0,3.0,1.0,12.0,4.0,,2.0,856.1715841701989,,947.3453878628011,938.5267920372609,11.922839865877226,,9.350662650193746,7.074299276860504,44.13529631986484,80.0,108.54201352309215,35.618134565664036,0.9911499061528138,6.160897440188565,-0.9105916535549906,1.0,0.0009290642597058114,896701.8769294131,57.42126673890364,-0.9246404299023236,74.0,181417.66619150538,5.803339684723807,136.66032633253508,0.0,-0.5076330998517496,0.679122979009341
,66.79906011720159,100277.0,,733135.0,42,999,1,,,7236.6548196533695,1795.8916814384665,1237.623676148306,2873.4711286195297,1657166400.0,2022.0,7.0,7.0,3.0,46.0,4.0,0.0,2.0,995.1455191730018,992.113738662942,1091.312114617874,1048.684635931867,30.083635261980888,86.1505434715656,11.667843683278344,7.05646747554978,38.31808692185189,55.0,79.87245954613947,47.96186828283279,-0.29000799063001936,-1.723904533663966,-0.7881151227968662,25.0,0.001057837722152265,985997.4514385955,50.18137078632054,0.0393741428211547,,207724.151914972,3.838040409957782,86.88361534146999,0.0,-0.28162158608292115,
219958.04137362575,100.0,100278.0,,967716.0,42,999,1,,,28119.179836765434,87816.60671377358,636.679879787114,4294.382412586448,,2020.0,10.0,14.0,,91.0,7.0,0.0,2.0,1104.5009317628044,1105.2629243757253,1188.881504634633,1120.5706640109097,6.650394791869553,43.9707106253652,11.093650447736024,,51.380318960725816,,115.78326608447092,49.767880898166666,-0.4616041828043348,-1.1073288243568784,-2.164829596211898,1.0,0.001148108113925042,1013960.1742319204,10.372790002201626,-0.8050455041910516,57.0,32986.95364140868,7.086602281774283,89.21982796785919,,-0.3588088860255046,0.5221773124890592
158942.30240027746,100.0,100279.0,,851517.0,42,999,1,,,8722.705341549668,23026.032947921787,25109.691050345045,1310.3744435988638,1652500800.0,2022.0,5.0,14.0,5.0,2.0,,0.0,4.0,585.1867553230654,585.2834795932503,623.3437996054503,638.9852416603036,18.507423638920805,65.31336255005745,,8.33725662658831,56.33254629987198,42.0,89.42747478012447,52.853242889401436,-0.6723679763450435,-1.2423073951394208,-2.383321945362061,100.0,0.0009864996537777826,1137755.090602635,92.4944223092146,-0.5193872865580988,32.0,33363.84338792928,6.140427220909794,96.2252114147072,0.0,-1.3725849477510645,0.6681207910379283
240497.75059749073,65.80672710679399,100280.0,280.0,626134.0,42,999,1,,,125813.48898751002,2127.8714463457623,12360.550091935565,3434.693642304428,1610254800.0,2021.0,1.0,10.0,6.0,17.0,2.0,0.0,4.0,1046.802868784665,1036.7177256208938,1186.3714039100116,1095.537375824699,,,,8.45233440016639,63.19534256002818,20.0,92.40268004098276,50.61992593637795,,1.2987271360341324,,10.0,0.0010862810948424088,1045952.5972104241,1.6870935106415574,-0.47389076559871435,61.0,76623.34315454663,4.416358487722837,78.36655549745896,0.0,2.1095970189197093,0.7031648774569463
169113.90869375705,43.28962134084096,100281.0,281.0,,42,999,1,,,124319.61330520778,482232.08678863314,11869.856721404649,481.42740736554276,1627099200.0,2021.0,7.0,24.0,,70.0,2.0,0.0,3.0,667.558514502395,674.7107149332779,705.0346189383304,735.0597473536797,24.149507903164327,75.46911422569579,11.678003234403226,6.825417247326693,44.926555394632956,31.0,102.72928510599486,40.26011841721925,0.8886868648798608,,,1.0,0.0009655075871670272,1031348.2084826165,73.25042470176183,0.2164843422726752,,72118.32073626085,2.5767754925080144,,0.0,-0.16371596527714113,0.7290257208678543
254137.3648120644,100.0,100282.0,282.0,995752.0,42,999,1,,,9103.008253952918,6231.198433931279,,5774.807952654934,1659672000.0,2022.0,8.0,5.0,4.0,70.0,3.0,,2.0,1094.8020582874512,,1201.321333577838,,16.521153256964993,61.73807586253699,9.059321902074743,8.95099577202693,41.0994871238232,33.0,99.22275161982061,51.90590865185296,0.2872399570574477,,-0.3414455355252583,10.0,0.0011654594384417091,1066936.393431622,65.74154745742233,0.1927939187816845,69.0,44239.49519506069,6.294940581474352,108.18512525009146,0.0,,0.674443578694871
,61.82675346639642,100283.0,283.0,925198.0,42,999,1,,,,21698.816385887883,4229.631001958026,5421.589791157792,1622001600.0,2021.0,5.0,26.0,2.0,18.0,2.0,0.0,2.0,946.6665750470663,931.3622517925234,1023.4245066431004,997.0552895755804,19.014559884958942,66.22620779292609,10.630588840333667,,61.912213397071795,5.0,89.37141280105678,46.501197145283214,,-0.9479957664831363,-3.180180250762152,3.0,0.0009633159947989445,,69.04726779366082,0.3411275886816827,49.0,67418.86363000453,,107.54658236182725,0.0,-0.036768365429850756,0.6027000240405381
180094.21325852047,,100284.0,284.0,864851.0,42,999,1,,,5857.17212076464,289.6471148011881,5094.949589856879,1678.2769060008445,1591156800.0,2020.0,6.0,3.0,2.0,65.0,1.0,0.0,4.0,887.0786063828714,889.6824882351369,974.4310914843226,945.9085389287975,27.19509133012146,80.95116439421864,7.937499018865425,7.29601344469053,49.34343999629572,8.0,104.68477427563407,41.40074533025678,-1.809954903647833,1.4000112774675986,-14.622323575472283,3.0,0.0010106084067246803,1020718.6310562084,98.54393954376053,0.024032564070303408,,32467.620019309543,4.148516997742636,92.11297107266029,0.0,1.7704023663966282,0.7653728671333897
168363.95920094496,100.0,100285.0,,842097.0,42,999,1,,,,,5335150.546936579,1278.2530551647085,1656216000.0,2022.0,6.0,,6.0,51.0,7.0,,,,979.2102967373538,1101.848937463312,1048.8298553887346,19.6680048666805,67.4024087600249,12.663225032949647,9.553427070115614,50.287711203093856,28.0,102.76031575147918,,0.07865505857221707,,1.222684312533249,50.0,0.001024074903311027,1129007.9920796007,95.58941073650871,0.21644959383651674,19.0,41634.002556499276,7.5766648383940485,97.63648740808847,0.0,-0.20413653735331663,0.791272491334885
301459.0602208717,97.35176512694365,100286.0,286.0,847580.0,42,999,1,,,9438.157235952724,5178.971997455035,2669.4481454028282,8051.278752916751,1675227600.0,,,1.0,2.0,2.0,,0.0,2.0,959.9301453450105,,1048.277140186429,1036.2779994643147,37.07551233887136,,12.203513577565126,8.68346941564356,49.34953209558544,33.0,111.4407734969798,44.83039572468995,0.6951602014044654,2.9322253852719555,-1.7041710850159442,99.0,0.0008587622191073671,1028684.9679273524,21.61801755444358,0.8280673327802768,68.0,159662.34501719987,5.561434732693957,115.66719140475183,0.0,,0.8062261227712398
181721.25294086293,87.17588893556822,100287.0,287.0,680797.0,42,999,1,,,2185.9597925405137,35783.381795429086,5255.142032124165,2589.3367050437273,1595131200.0,2020.0,7.0,19.0,6.0,15.0,7.0,0.0,2.0,898.9466434673758,889.2997094606912,984.2459940984056,952.6656618581666,13.614967100533427,56.506940780960164,7.7076874968284415,9.286139503089885,44.772267288664416,,93.04724382451472,52.51702998994513,-0.12521317067965063,-0.8441439074290563,1.2332204912128357,99.0,0.0010727945407410962,943208.8501325218,1.8135006142551036,,46.0,32810.60901992664,5.229696524843318,98.50751447914615,0.0,0.05188849322261202,0.6750325776745622
209935.90656733018,100.0,100288.0,288.0,643799.0,42,999,1,,,28134.44209653198,23279.350655739236,1915.2060561958497,1682.620763867597,1586750400.0,2020.0,4.0,13.0,0.0,65.0,1.0,0.0,4.0,1347.169926843459,1364.6258943170271,1467.0972895938926,1431.1108920329636,9.758231800528474,49.56481724095126,7.38296244034094,8.553681738792454,,18.0,97.35111189226711,60.57370352228153,-0.08768063162104874,0.18361619843059965,-0.1410197422390324,25.0,0.001150872283841435,982416.7751473351,79.74649824531267,0.7983288523744569,58.0,89764.21137236508,6.387048660140978,109.76839431008466,0.0,-1.5310030835747477,
176034.8254514483,100.0,100289.0,289.0,,42,999,1,,,11796.04632542085,18412.631150904217,,3332.6753807581845,1693195200.0,2023.0,8.0,28.0,0.0,49.0,7.0,0.0,,584.4111616464861,578.5267914620772,634.8130914688072,623.6721764370902,,80.901529014469,7.542819591910929,6.999616478091442,59.61132941278666,60.0,93.91080795725854,44.89352904577431,,-1.3413236515342721,-1.6879548051720903,1.0,0.0010219987765318149,1074344.4247023868,52.888559465811994,-0.796448037811345,42.0,59603.425378374086,6.527815061411277,100.34017645961508,0.0,-0.8128652898049281,0.8630305561747811
,66.17479729045544,100290.0,290.0,530171.0,42,999,1,,,1936.5237204440612,,18795.459789614935,3123.995891373733,,2023.0,1.0,12.0,3.0,49.0,2.0,1.0,4.0,1072.8085185368147,1065.0013394295968,1210.230059533052,1129.419360653782,15.749243381367261,60.348638086461065,,7.593891198330538,48.75969668307223,9.0,87.44927944724648,54.7413635996252,-0.6460887813218942,-1.6232914726884347,-2.398095346658484,99.0,0.0009497209893166529,961589.9967931778,,0.5020013942269883,21.0,106531.37381237354,3.5257652810094244,84.38318172496588,0.0,-1.7105670401739042,
195269.8450785399,85.10699507950311,,291.0,518323.0,42,999,1,,,41394.54173179674,82107.84612251255,4746.016033226433,4269.61743826875,1580446800.0,2020.0,1.0,31.0,4.0,40.0,,0.0,,1032.3407291600674,1034.8332569606873,1155.029815854992,1081.078372900934,16.588997464115053,61.86019543540709,,,54.07308363058387,7.0,58.59427216274146,49.912232884245164,0.29402061642893,1.177451461613498,-1.0543732767574143,1.0,,961067.1309767793,53.4375894499335,,42.0,49618.89490311526,5.328637866782066,97.09311789481312,0.0,0.4807041607625183,0.7602292420236852
275374.00488379603,82.13418646013665,100292.0,292.0,724712.0,42,999,1,,,,157258.48129149803,,3330.754124232698,1594353600.0,2020.0,7.0,10.0,4.0,2.0,4.0,0.0,4.0,665.8552710467145,664.2458960922736,716.0134764391914,742.023022075236,18.32295004095309,64.98131007371556,11.707955184473093,9.43711431915619,47.997605805815034,,112.77228493238492,32.46330433399213,1.5207488910404043,9.161091523792404,,100.0,,1157614.067734994,,-0.3394038500755392,69.0,62007.1954075895,4.504076534140224,117.27257525087046,0.0,-1.3565131639274461,
270492.67105765233,100.0,100293.0,293.0,721533.0,42,999,1,,,67362.03792062282,313368.8881236976,4553.105522236053,5191.423100277366,,2021.0,4.0,29.0,3.0,,2.0,0.0,4.0,880.013568332541,866.4061492379685,,944.1702726594986,,75.20550262027989,12.617171299433393,8.204180865711978,38.433327874030375,7.0,103.95640308028709,45.465842155885,1.1460404226445469,5.688763324472714,0.9421547218113167,,0.0011756092095707698,970238.9065487252,39.148070746241345,-0.5148733033692756,,111692.845506835,8.749461497654206,126.92000868788232,0.0,1.9906934304030133,0.7891575364397991
142951.64700419235,100.0,,294.0,835241.0,42,999,1,,,63917.04895492087,,,1618.91178455955,,,,6.0,6.0,88.0,6.0,1.0,,,1168.9714498879198,1276.9127285322802,1189.620170484148,34.41641421447602,,9.18963012862402,6.96462515000826,52.741722494553336,,,44.96668810969746,-0.9754189219054064,-1.5192013910427011,-3.8575542247285686,100.0,0.0010985629578314617,1127090.4568141669,49.02056583960553,-0.5063128908072243,22.0,29967.40750939502,6.452068508058909,,0.0,-0.9170667873795171,0.8709615448985756
,85.48966122249337,100295.0,295.0,869864.0,42,999,1,,,118756.55947220125,34832.029804088794,,660.1084425554776,1649736000.0,2022.0,4.0,12.0,1.0,43.0,5.0,0.0,4.0,1158.4974919899303,1157.366815773337,1251.163218968221,1226.2598385120818,28.347562934726486,83.02561328250768,13.097895340704948,,73.2465056096397,73.0,129.14385067111095,53.693129920856805,0.8124650263446682,4.358179753163005,1.166250963140786,2.0,0.0010609054912328795,941997.1667890049,92.37799640966425,-0.08005160134080658,,61226.43709802103,4.6793328794399836,107.68079444473781,0.0,,0.8730530949291353
311083.269669549,77.37294619440681,100296.0,296.0,501224.0,42,999,1,,,18890.938810163556,44385.51007238902,1114.1720387391629,1872.2404350571542,,2022.0,9.0,21.0,2.0,45.0,6.0,0.0,4.0,,,777.5380995922179,,25.23516668246507,77.42330002843713,13.423896837004623,10.836376360983056,52.72806899842231,70.0,68.93742991807865,55.455319242307304,-0.21351432835152034,-0.09234281492294294,-0.5762892381280122,99.0,,957737.2383006758,5.268656352844925,-0.8674314569872938,60.0,52229.63184081154,4.922662621081442,91.68145672076406,0.0,0.7186201810799593,0.776899615464834
236189.26693063788,78.29544441770965,,297.0,675577.0,42,999,1,,,82838.83912626732,77273.89583468961,3914.3726731783277,7943.291418359261,1662955200.0,2022.0,,12.0,0.0,,,0.0,4.0,663.2959000664864,670.0648654141708,739.5833912845258,703.3946280877433,39.20605713777317,,9.004411791240203,12.504539106353775,62.175931905462555,65.0,,48.81188538103855,-0.7136961031369242,-1.6980903061237074,-1.5474715848687095,100.0,0.0011276458325206297,883402.5039017443,28.85762507984968,-0.6748693517293343,52.0,64785.59871010034,3.6447250586048856,118.18964734951393,0.0,,0.8631234199561597
206936.46840638024,100.0,100298.0,,510488.0,42,999,1,,,341.8025095287374,,3722.442281187008,1738.1506192031813,1615611600.0,2021.0,3.0,13.0,5.0,47.0,,0.0,,976.2878169553768,970.8569617417647,1102.2599601805114,1022.8997987270083,11.104038262152084,51.98726887187375,10.379885516092315,8.300248326602288,52.624914883403,54.0,104.91377481856969,56.649255437400576,0.7419509123925844,3.150122223911588,,100.0,0.0010603749577598781,1033463.9000122763,82.85356971571102,0.44539560558690994,38.0,117415.14965008615,6.874680542232065,113.43810578842317,0.0,-0.020733181197810445,0.9867481499857889
131150.29984219448,70.21435961867097,100299.0,299.0,757958.0,42,999,1,,,42500.49906408533,3410.3661917897166,319.2443865671577,3083.020540039823,1648785600.0,2022.0,4.0,,4.0,46.0,2.0,0.0,4.0,796.3247664745518,805.3314077218943,866.4640884221168,848.2748854330114,,67.62595982329978,8.690148377698629,7.088509278424093,40.187299371556776,17.0,89.76998635286199,53.40333051559292,0.04449360609053675,-0.11667993605183702,1.6320091561472119,3.0,0.0008801129845717352,1032237.399003212,,-0.42714652860078806,29.0,51281.94208602717,3.6550417942196267,99.66418018646101,0.0,0.8661121811848234,0.8272646897658836
227761.30745964192,100.0,100300.0,300.0,631048.0,42,999,1,,,8067.3846339903075,34761.13796496184,993.8518747042311,6232.811976277582,1588219200.0,2020.0,4.0,30.0,3.0,52.0,4.0,0.0,,1148.6938104610845,1162.7583425903456,1252.648832567614,1206.399022435437,15.649257170388296,60.168662906698934,10.239092756470345,5.326267942060469,46.81995936464795,39.0,77.65075130373377,41.45272290565235,-1.2102360281591553,-0.5721485866416332,-6.311890557648306,100.0,0.0009284224317546942,987684.863158286,6.494613117607462,0.11525627469866562,77.0,28258.085936826836,7.389566298738082,131.68994720978804,0.0,0.5349252527849083,1.1415737950117593
247635.49353184254,100.0,100301.0,301.0,733917.0,42,999,1,,,,21420.89788411689,11460.25388436892,5773.757015578971,1606971600.0,2020.0,12.0,,3.0,3.0,4.0,0.0,3.0,,1358.9935801612157,1530.7884597119776,1412.6238420274694,,41.950363368311116,,6.500910047449679,60.580565253462574,93.0,83.66241575418208,43.874504995643285,-0.8007663434486486,-1.0114427848572856,-1.498568913852045,10.0,0.0009612625720628182,,73.00330824491562,-0.10363392456490028,75.0,44104.38327204076,,102.51700531427909,0.0,-1.0666098086036182,0.8520441767460404
254454.4939480925,84.87201647445292,100302.0,,502415.0,42,999,1,,,,1125.4323751878967,90.02341279163039,1054.1819621934587,1644901200.0,2022.0,2.0,15.0,1.0,88.0,1.0,,2.0,920.9001617305834,925.3212419417289,1006.0557683031155,984.8943843278286,18.222163586004815,64.79989445480867,8.037505812481267,7.356582801347019,55.84250809037474,,83.01215879094964,57.06340173239391,-0.46880632280044665,0.0035034389366298546,-2.009183252309753,1.0,0.0010439994523276043,1017728.1143552781,22.37114082370907,-0.655310235154255,33.0,361739.0726151475,,91.63686927531536,0.0,-0.14494290107946484,0.9954565223081401
154371.13565778383,72.89712291680095,100303.0,303.0,560837.0,42,999,1,,,5163.592892708256,48622.334501689045,34140.4175822708,5227.811950278981,1578200400.0,,1.0,5.0,6.0,62.0,,0.0,3.0,838.8575292607538,,916.6023362215159,880.8175062096836,6.626782561783898,43.92820861121102,10.016230336193889,7.365424551043063,58.52670364747312,70.0,78.12626872266316,45.998295928467435,-0.6859226350489197,-2.130360176634302,-0.6008608941472089,1.0,0.0009612989235628788,1036152.6288090721,13.562497122095941,0.5999348248085894,33.0,27511.35992275092,4.109914650956192,,0.0,1.712622816597374,1.0431178271282366
276309.0295215143,100.0,100304.0,304.0,763265.0,42,999,1,,,162330.4207801572,33797.791128499746,100238.62252508038,3715.1601668137,1646888400.0,2022.0,3.0,10.0,3.0,17.0,,0.0,3.0,1070.5810334820576,1079.3064270382488,1128.4575974216639,1131.3181677142761,5.452439963464448,,13.101366175708307,9.456321783347672,48.054024188604586,10.0,,47.631320400192315,-0.46352009551522144,-1.0605822355452144,1.0607031217909564,2.0,0.0008956765475391684,987051.8816698368,9.32011596937511,-0.6665063330833054,59.0,62630.75658079392,6.305866740227268,92.28792051247413,0.0,1.3006855748435417,0.8813345492764896
125365.29712215658,,100305.0,305.0,979183.0,42,999,1,,,37443.80378107348,17527.836007815476,3660.7580113132008,12484.015884530108,1624766400.0,2021.0,,27.0,6.0,99.0,5.0,0.0,4.0,1225.7130754617353,1216.9136133484155,1329.0151410408719,1284.6501352764503,,77.08358574237141,8.97584471406298,6.912273322307374,43.60312233344062,,89.19823911384928,57.7351612976907,-0.8436112229473492,-1.5516495782958404,-2.681078159892613,50.0,0.0008953725194704029,1016440.8465716498,46.159167776263686,0.3606669626345915,19.0,42461.9858785005,5.585128765815085,81.84032210057666,0.0,,0.9409266754297527
235308.4094579556,74.24398320517183,100306.0,,794605.0,42,999,1,,,18502.27853187196,91829.77086411921,4268.909882187977,1738.107792068218,1658289600.0,2022.0,7.0,20.0,2.0,98.0,2.0,0.0,,1097.7956650150513,1098.6631422773758,1201.6544093620762,1145.8735305123475,24.741184950571,76.5341329110278,10.46877929401393,7.672267287739486,51.95725054674866,,68.69675219050639,58.49811236067568,-0.7080948231480355,-1.5539300749588465,-1.3411387667368366,1.0,,1007978.7652988182,45.89946330381125,0.6646293256835654,59.0,65044.21595635246,,117.78839285201393,0.0,,
149753.2062851383,100.0,100307.0,307.0,910342.0,42,999,1,,,24031.235841717174,1257784.893106268,1878.2412221138354,2824.3699130338314,,2021.0,8.0,7.0,5.0,82.0,5.0,1.0,1.0,,856.7725098715907,929.1201500016164,895.8306261905828,21.805881143542013,71.25058605837563,9.06858480938286,10.761090401078189,47.39321278317805,,76.12227566969577,59.329547998976395,-2.2006888061631464,2.540927780250139,-23.282345138916178,99.0,0.0011424544763022698,1039870.388220128,75.41056434680233,,21.0,49999.59035433584,7.338974535158798,103.11030726788137,0.0,-1.0293494397374754,0.8641856419842807
216556.21230813544,59.903601643946615,100308.0,308.0,873990.0,42,999,1,,,41576.09233395741,11465.206147247678,2895.506873251738,5434.566274385062,1652673600.0,2022.0,5.0,16.0,0.0,55.0,6.0,0.0,2.0,,1177.605848632289,,1203.8279353876908,8.848116700214812,47.926610060386665,8.104030872728949,,42.36367100505284,91.0,87.08686610758848,63.82133523475033,1.9419694676606798,13.895900478543389,2.3044439959456477,100.0,0.0009771800253832615,1047071.9311257082,38.89138705917401,-0.2924694578638585,66.0,37812.58616403042,3.123518662228607,96.157337719155,0.0,1.4898176648584696,0.9888847511499012
204887.69032358154,41.131280248940755,100309.0,309.0,685843.0,42,999,1,,,,4652.3433481565,1038.7409179039903,2690.2865699314616,1701061200.0,2023.0,11.0,27.0,0.0,,2.0,0.0,4.0,892.1959261677978,900.3646924043417,966.087141956341,958.2104282568737,22.09710908953272,,,7.32850111728831,,,121.21845543003133,48.28755235533275,-0.3093326380782286,-0.8665776718446961,0.0807870004750505,2.0,0.0010791661848960766,1014871.5882224728,16.069608610882046,-0.9932718890218548,52.0,60021.51398337068,,92.92245648634906,0.0,1.697218766186422,
196737.44030251532,,100310.0,310.0,910245.0,42,999,1,,,,1869.3088192809319,65041.55964074945,2334.9885842017725,1676178000.0,2023.0,2.0,12.0,6.0,2.0,4.0,1.0,3.0,1291.7348790008814,1298.6276758237339,1442.0546712465587,1339.8775895776353,26.29448736090958,79.33007724963724,8.20027459674235,8.320646128292548,45.49247200997832,,117.48855552162236,63.83863978650846,,0.04262409950417145,2.011854974335603,100.0,0.0010698082478264783,900690.831972134,18.361174081050848,0.8211099753663751,45.0,65159.323164444446,,81.29259995045155,0.0,-1.4866191501048844,1.0906234699603634
218204.21030356336,100.0,100311.0,,860911.0,42,999,1,,,75708.2351790705,32875.6955147378,1782.2171566765473,5362.388123942446,1694923200.0,,9.0,17.0,6.0,84.0,3.0,0.0,3.0,1166.1449030029994,1175.9454560825375,1299.9412978223295,1231.339619493474,,59.93404716368136,11.540484499704338,8.398930342565455,40.96195210630553,,,46.231680901405085,0.948799864472155,5.6413572337811,-1.2695513071815876,10.0,0.0010718488179188633,1044653.5315249978,88.09738497203138,0.09353740086787643,47.0,29188.214034570996,8.726761052542143,98.96774019574035,0.0,,1.0979582925820681
217310.94250553937,100.0,100312.0,,631508.0,42,999,1,,,39684.616980321385,3781.7624986220726,32009.807924662196,3051.6980348951447,1663905600.0,2022.0,,23.0,4.0,100.0,2.0,,4.0,1029.871103365539,1025.753837796675,1123.8057991066898,1095.1255519844103,20.984030793654103,69.77125542857739,12.300204631381732,7.3204721056162185,41.56031851373761,38.0,117.60170166952598,41.905530380360176,-0.47313573053228114,-0.7745063305674366,-0.249846111655059,2.0,0.0009037708744788948,971181.3461715336,83.95783499914764,0.39153202325152603,52.0,38317.603090869576,6.880375755798973,91.2815954059921,0.0,,0.9940488246798789
224958.89797095867,69.64675808261185,100313.0,313.0,709575.0,42,999,1,,,88167.92725172565,3814.890368173001,932.2092186999491,,1605243600.0,2020.0,11.0,13.0,4.0,,6.0,0.0,2.0,609.2438657315201,614.3476462706185,655.326858614948,629.8057289165199,10.58095694993556,51.04572250988401,10.217314178303186,9.495228164090346,39.896379723781074,92.0,112.64187159626972,56.32653219867432,1.2672008565080017,7.174388831197677,0.03569829963513,10.0,0.0010369719999369154,860170.1556859494,77.9420708306371,0.4741350270255986,47.0,47329.80718607613,3.770244960254991,116.70780128055291,0.0,0.029200894199213387,
250864.9573942915,85.68934344583099,100314.0,314.0,751602.0,42,999,1,,,15418.831535425825,,47.86480850802355,1559.9920955354285,1611378000.0,2021.0,1.0,23.0,5.0,50.0,7.0,1.0,,1374.463274899479,1362.1210429639234,1500.2214069768402,1403.506971624391,36.9720190847637,,10.675926505967116,8.329893350176006,45.946887860716224,31.0,94.00889219570756,46.93895641455203,,6.003205633278202,-0.6729810568702549,,0.0008712972312184682,1132966.5505904623,5.177580270488857,0.987538668089502,58.0,28332.329251939875,5.8769074125441945,67.2459991793825,1.0,-0.12187961502499313,0.7940557755522812
111734.20080779251,91.89417529105313,100315.0,315.0,590749.0,42,999,1,,,38557.02418099653,120239.93434114484,10380888.092110021,4239.733952325327,1630296000.0,2021.0,8.0,30.0,,,3.0,0.0,3.0,1235.2095671697434,1238.6059263361064,1306.6333234731014,1294.985209424265,,53.0909642880634,9.206100990970299,4.923405716753901,51.76302305810841,83.0,120.37962094855529,41.491939281054215,2.2523103477539665,16.922436184765864,,100.0,,975812.424482301,3.8588581996979565,-0.9843398558771281,18.0,,5.3070753472522645,108.6441929411315,0.0,0.5374688052901968,1.0462891086705675
246664.9238471908,78.27195264324077,100316.0,316.0,860428.0,42,999,1,,,138827.88437767103,78426.20771821355,,2505.541130235317,1616299200.0,,3.0,21.0,,21.0,2.0,0.0,2.0,1082.33643526795,1072.6066365162837,1168.2718368012745,1136.8539170049944,7.514206107403897,45.525570993327015,10.681610695401332,5.843724859484766,42.772951399420606,41.0,83.97145917694269,,0.020376613768201247,,0.3767701302344709,1.0,,892605.2259108699,43.00449445911324,0.0175118576823432,,,,,0.0,0.332443006084192,1.0323911293197439
220999.49179138214,47.94078878956894,100317.0,317.0,571048.0,42,999,1,,,16285.95401088314,4704.546721341772,1015.9579577474229,3188.486958460313,1588132800.0,2020.0,4.0,29.0,2.0,74.0,2.0,0.0,4.0,840.2891158835962,833.0724538656015,931.2508288864622,881.3832067589708,,85.43114712979514,9.368172865897538,,54.33081553521933,,138.23876579837727,47.96573117370485,-0.421498979929796,-1.4792179128445693,-3.4936991569680087,10.0,0.0009740043818478396,1046219.8893710135,79.0105526527404,0.5009611815282051,49.0,86198.11001803668,,124.11210981251884,0.0,,0.9823513837599555
,71.15580680933704,100318.0,318.0,505090.0,42,999,1,,,49040.85332371291,2277.8795115094863,89.59253092135788,2763.573377945815,1680321600.0,2023.0,4.0,1.0,5.0,36.0,5.0,1.0,,1058.281484165328,,,1096.0120768140014,,79.95805022931457,5.356725330927495,5.801370976018293,,31.0,,48.884878574952836,-0.47406117095915923,-0.04570604839901704,,10.0,0.0009927599987058452,1086041.9378216781,44.847430905936214,0.9271293028697611,60.0,,3.7870590614171284,100.60071760704031,0.0,,0.996819728380322
230138.42921238573,100.0,100319.0,,842656.0,42,999,1,,,7460.384829946078,1275.115852563604,9294.645353138498,4887.60106473048,,2023.0,1.0,15.0,6.0,8.0,5.0,0.0,3.0,1392.688894090497,1393.9895504175513,1513.9849415397982,1451.13230050914,25.223889363040843,77.40300085347351,12.032213299013854,7.45644068040588,45.3124590604846,62.0,118.23439073940071,52.03727011959844,0.2773841725709269,1.5047870943659711,-0.036699299552061665,50.0,0.0008616934226748138,1081117.4546607607,68.70114071354506,0.22522797753918966,50.0,43376.521879980966,8.180793869709756,96.27026517480031,,,1.067587995992853
260473.83302919535,94.13060120016388,100320.0,,582020.0,42,999,1,,,85752.44124777756,210285.71282454842,3877.0696466868994,1794.888113440276,1588564800.0,2020.0,5.0,4.0,0.0,97.0,1.0,0.0,2.0,1109.2303482082066,1103.7414690484002,1223.288342590715,1115.913196094485,25.08984003262379,77.16171205872283,9.09120317676801,6.205689627471205,38.1109461459164,66.0,115.59019669889362,35.8096007953055,-1.9099657346429126,2.2994506441662086,-15.577317909969683,10.0,0.0009657917590107458,947639.704452616,35.29053102355019,0.6290310727124258,71.0,63895.250414273425,4.603184507339352,129.61627462910204,0.0,0.6748582355066136,0.9888999055288956
222359.6351750523,53.215548323970886,100321.0,,642454.0,42,999,1,,,40870.12271758096,10257.158732413634,158217.76987589465,10701.530925417188,1633320000.0,2021.0,10.0,4.0,0.0,47.0,2.0,1.0,1.0,973.5913962909115,,1075.0807157412903,1052.9622882012302,,57.78283478022831,13.8122518627527,,45.785061322298944,50.0,95.08744585987571,27.753960515318955,-1.7415733279132872,1.1494910499535065,-14.642462451869447,50.0,0.0009479839665841634,1067066.0913553524,,-0.6501667602205292,48.0,42766.12234123398,2.364539290274767,112.501446488638,0.0,-0.9662965665184846,0.9265638561681371
209492.73133361054,64.11755711304752,100322.0,322.0,935597.0,42,999,1,,,73303.98457726522,,,5308.856418291912,1587960000.0,2020.0,4.0,27.0,0.0,75.0,6.0,0.0,2.0,1046.3265742065496,1058.3319085465353,1153.405311743811,1113.7517200062387,18.86710276163405,65.96078497094129,11.919580782466642,9.091963676793513,49.36324629135481,93.0,126.69633612034988,53.94607291072833,-0.21689974368025464,0.4455839546035427,-0.11951795568070483,25.0,0.001025753574856094,1028896.8883844136,42.08414141133283,-0.7421277782313405,34.0,32203.933883488306,2.3639477983776613,105.45188119642332,0.0,-0.07978075336741365,0.9714102980557013
259856.2830454828,,100323.0,323.0,674578.0,42,999,1,,,22307.643924571857,4106.434230557502,1214.0176180273393,5028.565990571769,,2020.0,4.0,12.0,6.0,31.0,1.0,,4.0,769.0734943683715,,834.0768450025121,837.1435742059986,25.190261077682763,77.34246993982897,8.363407752980294,,59.84211154988098,,131.1732080160757,52.47018944156174,0.3213106752115888,1.382672866414734,0.1865561764582975,3.0,0.0010263736636401029,916909.4649094302,82.41052023303777,0.45991490978318694,75.0,76191.51429879872,4.733945183844006,,0.0,-1.253108712052394,0.7594445762919587
178706.56518661065,100.0,100324.0,324.0,896500.0,42,999,1,,,41727.65872799183,4760.123074226454,101057.31304210867,1615.9707174251905,1681185600.0,2023.0,4.0,11.0,1.0,18.0,4.0,0.0,2.0,,823.3654102472116,855.9958665294358,870.9567495604266,,,10.3774683401302,4.33187836514246,36.01383567623178,86.0,,51.97833207520579,,-0.48293322387915605,-8.908958895932848,100.0,0.0009549268358634568,1011500.0522505395,75.17590772332194,0.06028818930727975,49.0,82731.88336684907,6.565190583058536,96.08689301644428,0.0,1.0534385958211347,1.0207654398679236
165011.52661667397,87.62743663687782,100325.0,325.0,996661.0,42,999,1,,,41427.15013289119,82525.4984647529,4994.163025356503,4063.8181391226854,1662177600.0,2022.0,9.0,3.0,5.0,68.0,,,3.0,1320.180313335209,1324.9027680129946,1460.7772537740552,1375.0160561674497,,46.0856774878382,7.827567810967554,7.81306754972137,56.92604235600556,72.0,144.89893479785692,44.07234122404232,0.25865120126463664,,1.8514321801080285,50.0,0.0008089768510199672,997080.5951918946,5.477741107018364,0.8787275024747785,32.0,128842.88369894358,5.468188268942143,101.43034567994083,0.0,,0.8238494796692384
,67.6224733114131,100326.0,326.0,624982.0,42,999,1,,,108268.16489086104,261716.6612264991,498.3478320811896,5228.509380934028,1666756800.0,2022.0,10.0,26.0,2.0,77.0,5.0,0.0,2.0,1050.7025335996336,1062.0666942049756,1166.2114538363237,1111.511275970874,13.138619598830479,55.649515277894864,6.622108495578619,5.643309185030217,60.004716890012155,53.0,74.84946880539286,,0.2636219219918442,0.6581834228265472,-0.7297301263269383,10.0,0.0009935357968901988,921149.5761179422,90.4221871363847,-0.970185497634521,63.0,50285.7618278666,4.704806354887401,94.48726463550439,0.0,-0.19698345672162454,0.9493944978860667
151010.21210776217,100.0,100327.0,327.0,645225.0,42,999,1,,,45583.37338108685,6970.274563314052,1785.5992021679267,9776.59706294995,,2022.0,12.0,23.0,4.0,64.0,2.0,0.0,3.0,1066.191008836977,1069.5901101013044,1189.8659253954472,1143.4941740268512,25.738318695216435,78.32897365138959,7.667285528223865,8.203651970823758,54.356890468576175,81.0,,59.61462190176468,0.3163405309114323,0.6664483806360569,-0.7184955818719043,50.0,0.0009611917360308135,989816.3457258168,19.29180002492482,-0.46329759631366807,28.0,,6.107051532678146,110.7928279842798,0.0,,
201362.07244913906,96.98527329457404,100328.0,328.0,686531.0,42,999,1,,,14770.429732292561,2953.5572010627307,4508.3798367183,641.6757543899761,1605675600.0,2020.0,11.0,18.0,2.0,18.0,2.0,1.0,4.0,859.635597661188,846.853842978003,903.6271532100398,,8.708347509324161,47.67502551678349,9.014701401037774,8.753601987187958,57.77776830851063,38.0,81.9271217900688,38.92391078940058,-0.940844476556709,-0.8952721387571398,-3.1166747939761823,10.0,0.0010184240819442972,1129265.977114611,17.784296765458386,-0.5357863620842278,47.0,29589.24807332455,5.610769267842596,106.3028622879561,,0.7033996606587571,
288971.0922327963,62.77121760845655,100329.0,329.0,853901.0,42,999,1,,,27167.121387180916,186061.04728728245,8090.869845690562,1884.5069996943002,1587873600.0,2020.0,,26.0,6.0,84.0,7.0,1.0,3.0,809.3539758707809,,902.8386373488219,862.1735125932224,16.40774459232921,61.53394026619257,10.101454383342086,9.220074594136072,57.915422040603595,42.0,118.33880040827289,61.16992356320839,-0.5698323673432424,-0.7305969974948381,-1.8787555259187187,3.0,0.0009469716356947762,931316.662181331,94.5423299247633,0.24452506700244858,,105697.55551753208,3.107998291777515,86.9815345869265,,,0.8761277259441739
172994.91495122324,,100330.0,330.0,917004.0,42,999,1,,,62164.62028079389,8268.293362041602,1313.6806859022715,1998.8385690609844,1667707200.0,2022.0,11.0,6.0,6.0,43.0,6.0,0.0,2.0,736.9393360843767,738.3371152492309,816.8536824987434,819.1059589563822,10.601784360852054,51.0832118495337,9.434092215262984,8.947303854105542,50.5244173449571,14.0,,48.79850289070163,-0.17433216080307895,-0.39376301637753697,1.383519144360075,99.0,0.0009603153780112558,954945.7137295627,31.84074783484131,-0.7459053194969305,32.0,29609.04942922328,7.031847892944347,87.25750389151885,0.0,0.2868532476777556,
,,100331.0,,908244.0,42,999,1,,,,673.296202219867,140.94295719991078,5501.38439898412,1592020800.0,2020.0,6.0,13.0,5.0,47.0,2.0,1.0,3.0,1304.1595415442184,1297.5074929719904,1426.0967817188916,1362.2668559471656,19.754482957217437,67.55806932299139,10.078841057807972,9.078144639159149,38.82626433087225,54.0,125.13791259127746,39.500462150150554,-1.2409476624879079,-0.5363265491560179,-5.84173870388359,,0.0010264927164308968,1048304.4623135622,47.10212396614447,-0.785523932483946,50.0,,4.27931510580582,91.93236140675897,0.0,-0.9586658752284686,0.848150844173432
,,100332.0,332.0,830745.0,42,999,1,,,76328.39889468774,3041.1287030933486,626.00059654439,2152.8085501230303,1610686800.0,2021.0,1.0,15.0,,8.0,2.0,0.0,3.0,984.2134614740744,972.5898235657864,1074.5268839538144,1044.3874822520959,25.552218028153245,77.99399245067585,8.68255107094378,9.831932860699906,51.41412136629383,38.0,119.50339694160947,60.901534899987084,-0.41865679684693563,-1.2337721443616156,-0.26015694244487986,25.0,0.0011391668437626531,959263.8547594433,27.92306640046348,-0.05443984138510394,29.0,112003.95712192777,4.974306947919958,90.70317690242798,,1.3237535125294828,0.8076689050105181
184510.9966148613,85.7265710007,100333.0,333.0,944418.0,42,999,1,,,30211.921648804917,173987.58430393043,703.2816127587267,3632.947456467399,1589947200.0,,5.0,20.0,2.0,68.0,6.0,1.0,4.0,1089.0182275636282,1090.6554589143113,1189.9354711221363,,15.874425611518479,60.573966100733266,11.41424598155403,8.092799868848319,50.71435332801989,70.0,107.91164198949917,50.04056232429356,0.8115237028055049,2.999725309539139,-0.12696821710620118,99.0,0.000788223873113939,1249027.3833355135,33.76872754140572,-0.21574552219746623,34.0,70392.23350838762,5.963886064825516,82.4170376204433,0.0,62.55887349577621,0.7372832121134467
168966.2588151979,100.0,100334.0,,766750.0,42,999,1,,,273922.2933872086,31293.902095411493,,4692.739839237248,1683086400.0,2023.0,5.0,3.0,2.0,38.0,4.0,1.0,3.0,,795.436021594849,882.2366235215751,841.8663782910676,44.4070489961973,111.93268819315514,9.257483183434141,4.7666055134125624,39.012204851398124,80.0,122.96061137649448,44.97323607816449,-0.9157583360207278,-1.1751336985153376,-4.61830009707887,25.0,0.000987734355905421,1096445.3851361217,56.950530314187034,-0.45100917723681655,,,7.225726055501136,101.20697926978454,0.0,70.00767117363793,0.8762797833734671
,100.0,100335.0,335.0,715456.0,42,999,1,,,80001.64141943326,2991.6965980559407,64.24582000074075,1992.3439316823249,1589860800.0,,5.0,19.0,1.0,67.0,7.0,0.0,2.0,577.9015511571037,,658.0673972476346,623.9420627579456,9.273452042998947,48.6922136773981,14.59506471375522,7.988196582718617,,93.0,87.96546234408342,62.08738546691809,-0.2872793567582833,-1.0167968689760238,0.6125015973346253,1.0,0.0011478109108879115,1203194.894663948,84.91034874478896,0.786739158262616,65.0,73436.50510723662,7.681379962155151,85.75342840852954,0.0,114.22734577821932,0.8176030566901661
191148.91023396645,100.0,100336.0,336.0,,42,999,1,,,39708.39667738547,31526.859724228572,739.8166429938155,3105.33086125073,1697256000.0,2023.0,10.0,14.0,5.0,87.0,3.0,1.0,3.0,1211.9937770989936,1208.9283568054893,1333.5826760302807,1247.0756064700865,23.485711463988668,74.27428063517961,10.138455802715898,8.445570816861569,62.7832125975858,77.0,83.94784145457628,,-0.28577460905438573,-1.0719154506673014,0.6660576027550005,99.0,0.0011303391218133337,991424.2262562362,,-0.6597954835522855,40.0,,4.554046244709902,144.38951886906466,0.0,97.61795252735726,0.8192877754591603
,92.40654111034561,100337.0,337.0,815650.0,42,999,1,,,37705.66440596976,13966.384216547656,485.94654712044337,3663.294404068017,1619409600.0,2021.0,4.0,26.0,0.0,6.0,3.0,1.0,2.0,993.0194065979852,,1106.1425111646147,1032.2732950727093,28.863951287157022,,,,50.90575490426184,,,42.825154269478276,0.9883332151530216,4.849910524261878,0.7640473435281759,50.0,0.0010242293882370983,1183963.5420222885,,-0.7488204808924941,18.0,74162.5741860204,4.39837133197141,127.12890187317907,1.0,95.98097999551439,0.7707985628679922
107636.57722992096,63.67700729126936,100338.0,338.0,641066.0,42,999,1,,,23440.496952334743,4410.047851487233,6513.12561944587,4583.596907174651,1649217600.0,2022.0,4.0,6.0,2.0,34.0,2.0,0.0,3.0,1361.3425433409245,1350.1193180101275,,1417.0130626908676,23.787708848786583,74.81787592781585,7.180297398826173,8.112304680853565,33.28659154481202,45.0,75.50025455439334,58.603870385455636,-0.5513004311329761,-1.2137965735733933,-1.3387658291580746,50.0,0.0010269284437729698,1019419.8745351125,30.07971597148149,-0.2740738405808474,22.0,41703.49799366786,3.0400367760644746,87.32267063878164,0.0,80.8195876137317,0.8644484153771664
198573.15924332326,67.19406585968046,100339.0,339.0,815110.0,42,999,1,,,,9783.773971965114,12721.03610585222,4509.7352250054655,1599019200.0,2020.0,9.0,2.0,2.0,30.0,6.0,0.0,2.0,918.6964930995855,916.4997342393175,1034.6267786039814,,22.503179966936145,72.50572394048507,11.370302948985795,,51.10905560101478,30.0,134.1498111779584,,1.2422983709515962,5.86498175481234,1.893652103935963,50.0,0.0010100303378684954,1051803.0723234825,93.54048944606286,0.041744250932072235,27.0,78407.42968838835,4.24011320625545,99.68834195036872,1.0,68.27613229596946,0.8316159046720538
217428.1773205286,97.20898212329527,100340.0,340.0,593257.0,42,999,1,,,159477.99131648708,1127048.1623415228,,1464.2527455373233,1678597200.0,2023.0,3.0,,6.0,72.0,3.0,1.0,,,1260.4820391600556,1415.0343086137382,1297.6317964895966,28.699384713363802,83.65889248405485,9.850373394247603,,63.601301168845595,64.0,88.74379290530345,57.594937503417924,1.5441806731364716,9.384437690700457,1.1367221631045594,10.0,0.0010697730003603975,1179774.56066299,2.5381787773560927,-0.5091569121810824,57.0,29256.894707564985,5.724752055053334,,0.0,,0.6725929879535812
199201.13876292662,94.77353833404135,,341.0,986319.0,42,999,1,,,,12513.201164782065,,4380.09237358538,1621396800.0,2021.0,,19.0,2.0,63.0,4.0,,3.0,,932.0422422764773,999.9466442588562,,25.352009717095836,77.63361749077251,11.61481489237783,6.692091867666259,62.45708042957308,3.0,,35.223529873230405,0.5313409082769992,2.0054278643635,0.5609669040742091,3.0,0.0009735630023393733,,3.4191536185926186,0.6127825960356683,,61964.958611013106,,112.62179146856087,0.0,107.39380592517196,
127993.42782153077,80.40676996197722,100342.0,342.0,936890.0,42,999,1,,,37809.343669980524,320241.0342230901,567628.6716727254,1007.1711291247274,1680235200.0,2023.0,,31.0,4.0,35.0,5.0,0.0,3.0,925.593895429504,917.9776314498437,1024.4222326837826,996.4876878942347,17.338896319207556,63.2100133745736,8.224812990831646,7.680840871503667,45.91754264424026,4.0,118.25271546821774,40.583833243320335,,-1.2465385899725567,,99.0,,922730.8330852414,14.009665391269532,0.33260635132884797,32.0,42492.598199562606,5.2841680035164655,91.96975377367909,0.0,99.70190926409526,0.6883296104479893
200770.51359071195,98.15750584576294,100343.0,343.0,967814.0,42,999,1,,,48249.582507543506,65501.7835878004,11447.637556777314,2238.9670758546804,1683000000.0,2023.0,5.0,2.0,1.0,64.0,,,4.0,1005.2217820583022,991.596694259219,1093.5311522971933,1038.3450704230736,,,8.810968785682977,6.44321918900681,47.04661868431952,,109.30168228142705,50.39502954487917,1.1753100269834524,6.185328669806123,1.0175335858597148,1.0,,1039086.7877622114,18.43633240704393,0.030009912265980043,,34031.42893404687,6.767230591933894,86.12640611152821,0.0,98.21696668445013,0.6474240671910161
247821.77201504228,56.74035895375037,,344.0,616937.0,42,999,1,,,42795.00630072254,,2601.762709488805,4710.909405759218,1584849600.0,,3.0,22.0,6.0,81.0,3.0,0.0,2.0,1002.9033962187431,983.1289949899808,1102.6490087538352,1060.5766944306652,,49.37078525908609,11.444471289388149,,31.576368681542966,18.0,106.0695017057817,51.70673296259831,-0.7198408126413097,-0.9426400267173296,-2.2386690557607913,1.0,0.001139989805756176,,20.914703597498686,-0.08433773089666885,77.0,47280.648330574135,3.46665177791619,81.90094071196481,0.0,107.98592266660424,0.6979926879741217
157439.9862571129,100.0,100345.0,345.0,619153.0,42,999,1,,,65053.122351012586,20462.970171294422,719588.6263307516,,1687406400.0,2023.0,,22.0,3.0,57.0,3.0,0.0,3.0,1203.5623307927021,1207.200475016294,1341.428946451992,1274.766719289748,,,8.282542255858967,9.386946288733157,60.69320769626006,81.0,67.46070428164003,45.77197066085118,,-0.40548268747344685,-1.99848442695054,10.0,0.0010150023612134466,992609.0782692101,1.381007479915941,-0.8154741826901681,30.0,62061.231308716095,7.80624628288159,,0.0,116.04891922769411,0.5998080790629718
222642.8654696151,100.0,100346.0,,768884.0,42,999,1,,,38184.335683248086,9642.199508706428,,1198.119686127133,,2020.0,6.0,,1.0,,2.0,0.0,2.0,878.1339380995688,872.9741079521115,958.7722682926446,935.2139569419232,21.06935857003485,69.92484542606273,7.584715626425529,7.659094530412892,55.505332725407406,,107.27923505830081,42.89193851015834,0.25935393070714,1.0632625451520137,-0.06525407266346686,,0.00082913605668501,894117.237951887,11.181040716221025,-0.5971125889190962,58.0,81836.93762736299,7.228608179094406,96.8346239204939,0.0,124.48910679255242,0.7430103851616771
245063.2754356512,100.0,100347.0,,922546.0,42,999,1,,,14359.767270438062,880.0029499478428,3576.5739024736113,,,2022.0,5.0,8.0,6.0,71.0,2.0,0.0,4.0,728.2918192749091,742.2715695061142,817.6064425280834,801.6896541019983,9.568957161731282,49.22412289111631,12.92373795620914,7.602042462530614,62.043466728048905,7.0,110.63864131381715,-120.40172724398842,-0.08675024172385193,-1.143842205855159,0.7441975035301014,,0.0010192606192167971,1088507.4313903467,81.56171272885464,0.8594671118706954,64.0,27805.365094014385,5.946317286084989,121.81854646971867,0.0,111.12840394374155,
264010.4364870117,79.37053957786347,100348.0,348.0,973556.0,42,999,1,,,42350.39001515656,113783.92872392524,10454.032069812116,4323.441181722651,1694145600.0,2023.0,9.0,8.0,4.0,7.0,3.0,0.0,2.0,953.2445427942955,959.1011648308461,1017.8798013962245,997.5206903549347,27.157371497129233,,,7.151769769326709,45.498744428244095,89.0,,58.55153755634902,-0.4207761110034812,,-1.2567772337731946,10.0,0.0009183866665762647,,58.46604285099737,-0.2534905898329256,72.0,136947.3759023563,4.834065257042839,,0.0,,
178571.33919411144,69.96693041629969,100349.0,349.0,692734.0,42,999,1,,,27367.235114785177,19452.982030253414,1489.0210768746108,6134.941011999801,1681099200.0,2023.0,4.0,10.0,0.0,,,0.0,3.0,1129.1784812182636,1124.3593929697256,1236.9934184738304,1184.181548328507,25.754553896753606,78.35819701415649,10.808376979188276,9.802047135310856,49.09814730827287,74.0,122.45775187447356,53.766158009139595,0.22874447892883015,,1.6342978997535842,2.0,0.0008027264169552352,1022607.416436718,38.46797923821603,-0.6557481841179227,,101188.48916459599,3.716987297240694,106.99775823131893,0.0,102.79288278557061,0.7377770125928509
157702.17816414038,97.08556621644566,100350.0,350.0,653027.0,42,999,1,,,13773.213934331543,39022.49610385997,228.07942014669845,983.330248574975,1677819600.0,2023.0,3.0,3.0,4.0,77.0,1.0,0.0,4.0,931.9832014377014,921.2711142284368,1041.2129675223855,978.7006125948196,18.92669000209886,66.06804200377795,12.84348925347171,6.077333774475137,47.30799516108079,30.0,94.73793267016183,61.192879854788615,0.12305540412327075,-0.008591335064059458,-0.37537952517745443,,0.0009646589859053901,1054703.6929348146,80.81154849069229,0.33677527055219025,34.0,37398.31977810708,7.079969753456869,89.79766272112553,0.0,109.23083400586351,0.6946311712580839
178739.42525687235,68.5651188365691,100351.0,351.0,866471.0,42,999,1,,,5004.989734838324,4651.365652210691,303430.6571380254,2414.4970940345497,1670302800.0,2022.0,12.0,6.0,1.0,2.0,5.0,1.0,2.0,1207.7847660091527,1217.3696858717294,1364.8236968337083,1263.0188449323225,13.217797171357454,55.79203490844342,10.661928040764236,9.666356467484844,,38.0,102.34834102498242,58.70534371942108,0.9835019901040537,4.595514102137551,-1.1855004216299188,10.0,0.0010098267847688035,1086891.215671319,9.898858708916036,-0.25682344592246475,25.0,68278.94539300245,5.5378604221554335,72.00662609234013,0.0,72.170504662784,0.40348954306540374
280432.61433935195,100.0,,352.0,779808.0,42,999,1,,,72611.65963711176,84632.39005157458,5636676.868310107,5194.143285470949,1633752000.0,2021.0,10.0,9.0,5.0,15.0,1.0,,1.0,1222.4950104506006,1218.021448711912,1353.174754472004,1270.4631588213356,12.412020382793148,54.341636689027666,11.978634757391704,7.52785330471077,38.2157551420415,63.0,104.83299226810514,69.06730755798237,-0.42069038194466374,-2.062268452869121,1.0481961290356174,10.0,,937987.5812317899,97.97731813513809,0.9772650997924619,75.0,,6.681753314675664,107.71540549235078,0.0,134.30782772251507,0.5206749272601146
,64.51933488161887,,353.0,617831.0,42,999,1,,,68615.4418143085,47775.68887220728,540.5064931263446,465.79158341559526,1623988800.0,2021.0,6.0,18.0,4.0,,6.0,0.0,2.0,735.7648756671085,740.5161705843452,834.5708302149611,,30.613414209071355,87.10414557632843,9.076762461900326,5.972743919048928,61.061585969752954,19.0,105.4197916208636,56.078880971967216,,-0.7219736205671,-4.716605741853885,3.0,0.0010879636219803261,876868.9786988838,87.14770958111235,0.4658079333757932,35.0,42079.100435735905,2.9670164703069988,119.67512427282455,1.0,83.95331636089105,0.6283008036522111
160458.70966836045,100.0,100354.0,354.0,934057.0,42,999,1,,,204418.12183350563,10659.742585618853,,5328.861333098156,1613970000.0,,2.0,22.0,0.0,49.0,4.0,0.0,1.0,762.8018171103793,,851.3852383813606,808.5828971020799,14.178263568649427,57.52087442356897,9.374384459540662,7.184720804536517,52.976609550547856,84.0,48.17827061653916,50.535850417291016,0.076980094579001,0.31589204592264924,1.474632402622128,10.0,0.0008976523467934502,857274.2973080121,83.31354658371454,0.5768040306151434,42.0,25635.623012749893,7.783765605046844,100.90971181790307,0.0,83.11851329101697,0.5652790777295313
,100.0,100355.0,355.0,649894.0,42,999,1,,,26822.97535515408,221139.195948745,1486.2510854193815,2525.7259143937977,1696305600.0,2023.0,10.0,3.0,1.0,98.0,3.0,1.0,4.0,1120.070006182493,1111.424108297464,1187.8773331450889,1148.8540419620572,33.5750507703525,,9.814363038610491,7.169593750022473,,14.0,99.08337408911615,56.21615913957264,,-0.027585425957069032,-12.216827858856163,1.0,0.0008226944765369398,987571.5611312845,50.461510039983246,-0.1768139185627795,44.0,,8.840799167740247,71.7142469127599,0.0,62.640964050930094,0.5147976339014946
182273.847314014,100.0,100356.0,356.0,969210.0,42,999,1,,,47320.092468497576,,1699.9645218006337,919.7408273321278,1633406400.0,2021.0,10.0,5.0,1.0,33.0,5.0,1.0,3.0,,909.8559170198859,977.708748502849,964.8303414112938,21.977831988386992,71.56009757909658,10.109601136350491,7.601403148734631,35.11263170422165,86.0,97.38795453712683,44.03858242673805,0.8813230277429778,,1.1662205838798256,25.0,0.0010265519536420908,1121352.5984330927,86.77519569161882,0.5917521314969159,42.0,30900.731571751694,6.158395736687711,110.53488619420719,0.0,92.38419451668864,0.6360084726994869
,72.02363913427693,100357.0,,771570.0,42,999,1,,,,102944.69942128433,215840.51755080879,3647.1151105533977,1620014400.0,2021.0,5.0,3.0,0.0,85.0,3.0,,2.0,1362.6611273026242,1353.876243666904,1500.1118455926369,1415.588307506113,19.144712594690485,66.46048267044287,6.701359821105649,7.892239061775844,58.27446565320569,19.0,89.77803869869044,48.24569551688113,1.4204963400005162,8.779276209578212,0.6034297033684154,50.0,0.0010284282536966655,914424.8855952758,43.690926551107786,0.31712523123376934,51.0,85868.65896947146,4.13681555548457,99.4084744909801,0.0,104.6753862440706,0.5499333402855224
248008.5546611483,97.29859667289712,100358.0,358.0,628315.0,42,999,1,,,70413.64326920435,325739.7425752122,9.042132694462524,4012.1858921243484,,2021.0,6.0,27.0,6.0,54.0,7.0,0.0,3.0,1510.70213247217,1492.6876002340946,1655.4080877330098,1556.3339622757926,5.023891273887443,41.043004292997395,10.841248454275231,10.300193344123718,43.664113169586294,74.0,95.88566829364595,58.54336876446531,0.27303200629557206,1.2270301103472119,-1.3173393722891715,,0.0010617237264528346,1120629.997775848,31.27479935302533,-0.2492230613693076,60.0,75069.31066190232,5.3514658899648495,107.8330105177551,0.0,97.96703542548045,0.4696315648265579
216143.16010293388,50.476522116349344,100359.0,359.0,899730.0,42,999,1,,,16694.12575738785,13329.973680884392,3949.6890514218517,,,2022.0,3.0,21.0,0.0,67.0,4.0,,2.0,1298.0614752641663,1304.6521707912086,1421.7855016611975,,11.800808851407986,53.24145593253438,8.928763269684712,5.969109756813784,46.97897148148136,19.0,122.68319600727084,49.03968370252257,-1.6878471633154293,1.0953999545470947,-11.996774632962252,2.0,0.00100053969772625,,99.01016374038886,-0.562738219783739,73.0,,2.527057980607499,94.09898769380277,0.0,85.24156848152495,0.3290809938645867
127541.29100849839,100.0,100360.0,360.0,756798.0,42,999,1,,,19106.524370399726,147050.92892826174,3738.085424020466,469.642137568497,,2020.0,9.0,25.0,4.0,50.0,3.0,1.0,3.0,1482.5182086613108,1479.8653698848725,1612.613551999676,1526.3194107176648,23.516657341879075,74.32998321538233,5.417706126839567,8.780767977468683,64.22627710208513,,119.28833297169878,60.865137702204905,-1.833878826957827,1.6401800657589563,-14.168203020440057,50.0,0.0009369318291590761,1083608.693935988,81.59959814707747,0.06253702212622336,22.0,68048.11553836026,5.392342872138714,121.21928421338342,0.0,86.12681709407602,0.44249819146465497
139289.07939541215,75.16869906716768,100361.0,361.0,712989.0,42,999,1,,,59073.8575254207,114668.14582286867,15.871076345469026,1848.8631210412825,1696651200.0,2023.0,10.0,7.0,5.0,67.0,2.0,1.0,4.0,914.1906510835906,915.5240836634364,1019.6797168131927,970.5829429376763,-1.4435400899377662,29.40162783811202,7.120309868717762,9.717841492411932,59.95644201575494,6.0,104.62707872899198,,0.10839373764243909,-0.27023798205082983,-0.2527079247157563,1.0,,851463.0538871576,70.69193814717386,0.33094808841946066,32.0,32599.118740791677,4.231432434993879,94.91460776151237,0.0,107.93559074505367,0.34359201989796856
,100.0,100362.0,362.0,,42,999,1,,,166469.0107882935,20878.961402090907,531.2378315134642,3138.507643568041,1691985600.0,2023.0,8.0,14.0,0.0,,,0.0,4.0,736.7346877366297,739.8951812773507,813.6471391163271,787.556607565659,23.46897783351407,74.24416010032533,,7.595058206954504,39.94774993890486,2.0,88.9650224262571,55.294219593894546,2.1350844519977406,15.841013080576028,2.989624209071998,99.0,0.000996171594244696,830667.97581981,99.72016167551222,,55.0,37177.16838060691,8.86123703917443,104.71780657588812,0.0,51.107765254648115,0.43487312702278963
152226.2789163951,55.53118806669288,,363.0,745794.0,42,999,1,,,,2426.820453059858,9.77381481088857,4130.223433748344,1630900800.0,2021.0,9.0,6.0,0.0,54.0,6.0,0.0,3.0,1208.5117805525642,1219.9853129856108,,1251.8421590674845,20.167304065074415,68.30114731713394,,7.075665795365893,46.232452176198976,47.0,120.33671312241901,63.5673221673377,-0.4471643532862732,-0.8776909976875169,-1.8687608213122995,10.0,0.0010540464823681553,975317.3931347562,69.17878341531892,-0.7592985323328223,,44244.60872817291,2.0381956489208397,102.88946285893499,0.0,123.6911211595473,0.3331897912472613
240764.1359302081,80.4806452453253,100364.0,364.0,534090.0,42,999,1,,,3197.656541258623,378014.8382114224,7633.637850749915,2084.172142350944,1658721600.0,2022.0,,25.0,0.0,73.0,1.0,0.0,4.0,977.8279361778979,969.8867343759756,1054.0184498857548,1033.0589742763877,36.957490997036935,98.52348379466648,10.156779797165447,,58.49722205293056,30.0,,,,6.506311043045329,0.5150238438149185,100.0,0.0009726706026195885,1055650.6449598689,70.59360736986628,-0.23254913257769538,52.0,46567.308723355214,4.902998115018278,95.34891783220763,0.0,101.51731682070826,
161240.58451898125,40.79313041910261,100365.0,365.0,566581.0,42,999,1,,,1933.824085021237,9794.63167934864,197253.42175314465,3920.4686695114124,1633752000.0,2021.0,10.0,9.0,5.0,,6.0,1.0,4.0,,1394.150075174485,1556.500423622712,1438.9092346516336,3.4963790893546474,38.29348236083837,8.171399606323499,6.292634742109133,54.093235009523795,86.0,131.10185493884705,40.49756385126908,-0.15582814109009901,0.2047983053099376,-1.197141867375319,25.0,0.0008505815611821262,966306.3123304616,20.70087851770166,0.23108845137344214,42.0,89277.3492257781,1.240265954836003,84.94279614972713,0.0,93.60459699585195,0.10610303683519781
313596.9751086932,66.41216437681356,100366.0,366.0,537974.0,42,999,1,,,107656.67283715325,2998.2265561689715,1099.1978330212469,,1590638400.0,2020.0,5.0,28.0,3.0,13.0,2.0,0.0,2.0,1154.0710928859648,1176.1308505518218,1269.6680819616952,1211.1562635611563,9.830312597810014,49.69456267605803,13.65212497313198,8.982211860722767,49.72385587665647,56.0,76.33233456696193,,0.25348979369466407,,,,0.001062500233661488,909338.5437794405,88.25387525751515,-0.07091624498456528,,126281.7381190501,3.909373819737331,105.92017281811569,0.0,77.25728719270913,0.16254495023177407
260894.8732824881,,100367.0,367.0,894199.0,42,999,1,,,47128.36360682621,16478.831315176405,7356.886770493462,11721.956088041206,1579496400.0,2020.0,1.0,,0.0,42.0,3.0,0.0,4.0,981.4547923887761,984.0324588565613,1058.929867935782,,32.33873660927654,90.20972589669778,9.5880466060456,,54.02235105540758,91.0,119.63910091681424,43.16873615276778,0.9638636516712167,4.626650301467535,1.690857759219134,2.0,0.0008005609651974265,971453.1543001286,17.197824046993627,-0.17990872231322563,,23254.867367199564,5.569746077373976,84.97422920997553,0.0,78.7287552820352,0.15576714302896602
193699.81737349136,47.46724435840986,100368.0,368.0,956309.0,42,999,1,,,49423.3187228939,98014.54316720778,13177.98033144821,759.8670306806524,1658894400.0,2022.0,7.0,27.0,2.0,96.0,1.0,1.0,2.0,1021.0677500895487,1046.29633134206,1113.4121218109497,1078.4218775241955,24.534676359590893,76.1624174472636,11.046693524391577,7.275951009876565,34.704475654407574,96.0,,46.79479340277707,-0.6699725610818208,-0.044591707672152925,-3.9691231734746175,25.0,0.0009221453891842636,981381.7062495801,89.60168287085517,0.7975933205560048,39.0,,2.4732989103911693,88.03639340425141,1.0,114.16515435198448,0.16767587681484353
213309.1971377013,59.983606954436695,,369.0,911167.0,42,999,1,,,55004.76130063108,833278.3843932891,32160.337865228867,467.11861448771293,1687752000.0,2023.0,6.0,26.0,0.0,59.0,1.0,0.0,3.0,1000.3814209615161,1004.147200670858,1074.3961458427027,1034.1430560790811,24.608125407136633,76.29462573284594,9.081167369231292,,54.42434804068958,52.0,82.27998545465631,51.50820964258507,-0.33909769881278456,-0.28320533772911205,,10.0,0.0009456035260661487,932618.4695209723,35.175107266914665,,,225999.85479830974,5.768557273836471,54.760152927604445,0.0,90.5402579888191,0.17384087393167202
229937.10791184075,84.32223078938243,100370.0,370.0,849886.0,42,999,1,,,55126.27937775657,29860.123074516978,,4202.042120726404,1677474000.0,,2.0,27.0,0.0,12.0,2.0,0.0,2.0,855.4116017871354,860.623928407728,960.1100758153403,877.0170308156582,20.8684305795031,69.56317504310559,9.6979699568225,7.193096200887997,42.38272292824631,69.0,105.16209165929521,39.38983309147675,-0.7426388477341068,-1.0752855037598805,-1.826596286059206,,0.0009758491176930207,986802.9659453846,55.51230462802296,-0.11276240185837838,65.0,48815.8648112809,4.642787550952936,100.2726732577815,,122.86038276120142,0.12445552959342979
200459.34964334714,100.0,100371.0,371.0,826815.0,42,999,1,,,169186.22552649266,53265.71734583254,2887.131716692366,3428.455695698629,,2020.0,7.0,23.0,3.0,1.0,1.0,0.0,2.0,830.5325306948462,821.9357808529469,908.5249521785111,879.5000840838478,12.206869935299938,53.97236588353989,5.876714990476136,7.942752033194028,48.43898997182828,93.0,73.04939697721704,49.508971638038716,0.20445965485894682,0.4826567062036131,-0.8573736171599016,10.0,0.001088952151768764,991487.9077395031,85.36875969357523,-0.6987422859991888,66.0,,7.177338621137826,102.35251722226312,,133.60107637603605,0.10989723723606207
251994.8985519532,,100372.0,372.0,713688.0,42,999,1,,,12606.091759960642,76223.83858977092,,,1590811200.0,2020.0,5.0,30.0,5.0,13.0,5.0,,3.0,1236.6188686343785,1251.988568270812,,1278.754080591786,35.40422887672527,95.72761197810549,10.009933116248027,11.003394472609774,57.44611834714897,,118.4406981765931,46.00919401989049,0.5349574523447373,2.006786706540996,0.15551649718573735,99.0,0.0011752612417157528,1038900.5574788667,43.360296013769926,-0.6470612173920873,56.0,39380.675046090575,7.457138754911959,107.44649405760897,0.0,98.25972787030983,0.1701075983858465
181292.52143510437,67.2618086294628,100373.0,373.0,820563.0,42,999,1,,,,3137.6427832244954,26979.294542706768,6486.60930378722,1672981200.0,2023.0,1.0,6.0,4.0,29.0,5.0,0.0,3.0,986.8839499807915,981.3857442041498,1075.5777097810658,1061.370057469699,,,9.45392888223434,9.16624298891086,50.4268298885773,88.0,72.33640912445792,34.66917154804676,1.0431277791662856,6.022425942693288,1.8772065369860684,25.0,,994741.5499092172,30.665938725413234,0.4722982379416756,,35843.71721725364,3.930488123073344,103.85233524089668,1.0,67.03910034441776,0.0774655760694419
152778.66869628205,95.97608750969263,100374.0,374.0,924734.0,42,999,1,,,40437.39606668149,1284.020059323553,1583.682348580782,3921.354372877962,1615525200.0,2021.0,3.0,12.0,4.0,6.0,2.0,1.0,3.0,1179.9229505258877,1176.9997573089079,,1219.6043110144315,5.744643306102347,42.34035795098423,,7.368721953503418,44.86812025388808,86.0,89.58043018393525,43.65818971065271,-2.77493957863388,,-39.05840048121951,,0.0009908574922980879,1164035.5741099757,54.653723814016175,-0.5465829859537386,28.0,121215.64653267796,5.551441239962773,109.7925665242906,0.0,105.88358839514333,0.15968530433754335
305529.935058234,50.68537698695451,100375.0,375.0,704424.0,42,999,1,,,7367.557333940791,7200.077485014961,65981.60209327549,4608.259645569603,1667361600.0,2022.0,11.0,2.0,,,4.0,0.0,3.0,699.1615304868631,690.7873604395531,781.4091915956918,762.4041901997556,25.874728047126172,78.57451048482712,13.608148433245649,10.693478759415447,42.41134232403165,92.0,86.03909562537811,,-0.8677658828218611,,-2.4346723107527177,,0.0010882956361372284,643357.4521739378,20.29514587939607,0.0726873356275719,50.0,147353.15031730817,2.9164680950637774,86.18914525115429,0.0,146.30640904345987,-0.06028630293265112
246056.69899569065,36.586585163809104,100376.0,376.0,991686.0,42,999,1,,,16482.886095767924,17355.21092070713,4231.910694800934,1776.3308168376018,1624766400.0,2021.0,6.0,27.0,6.0,90.0,4.0,0.0,2.0,1090.1583450266944,,1190.490128253124,1136.0337385189634,15.398448232367814,59.71720681826206,11.525546951719253,7.413949037688298,53.242269610611,79.0,137.29717613067345,36.093112514420625,0.6861612676311597,3.478654740889059,1.4468970222499753,100.0,0.0009088752763919401,1127647.8903712102,59.60701247631391,-0.5044637335817608,66.0,34770.453639742256,3.072148843644095,77.96570345275266,,,-0.062119749847356534
320370.84547598654,94.00132971441612,100377.0,377.0,975212.0,42,999,1,,,12897.421806134365,32393.267329941624,65.06835060920668,519.5163091345189,1601265600.0,2020.0,9.0,28.0,0.0,2.0,6.0,0.0,3.0,1473.1838201965852,1470.8714486819456,1614.8679222765504,1515.2609838577523,27.599515757264513,81.67912836307612,12.154422591617102,,49.21809608536409,33.0,115.08415860656517,44.06844834992282,-0.9839959791010218,-1.0248045259724499,-2.5642743225442235,99.0,0.0009999848669010197,1125146.628129999,15.167663739790726,-0.9765002469290998,78.0,96955.54850588362,4.673310526503459,120.68134852839198,1.0,114.82007728171921,0.27494901667078425
259070.74026085183,100.0,100378.0,378.0,794692.0,42,999,1,,,59558.33742913751,15802.601827905388,1116.4510164648811,1988.1500264835915,,2021.0,12.0,15.0,2.0,34.0,2.0,0.0,3.0,1227.5395093003742,1244.8642246455192,1363.2772061687565,,32.745175625735875,90.94131612632458,7.912741197445128,9.532954809605211,44.55742594475605,26.0,97.36479525247348,48.95030875392142,0.43756910724944165,1.5749476476504092,-1.0725815847453863,25.0,0.0009893339119173843,961431.9855279207,,-0.45980829545373925,73.0,55964.56458855756,7.2723068182137105,114.30534097607934,0.0,99.1165379046796,-0.028161471362131672
239438.88949684726,100.0,100379.0,,553210.0,42,999,1,,,,10123.918378020517,6147.484433416572,3999.3917519293223,1589947200.0,2020.0,5.0,20.0,2.0,34.0,7.0,0.0,,1463.540819713612,1468.463820393032,1605.7457582293227,1512.9734488249337,26.789998544473825,80.22199738005288,11.954969271895973,8.745861873787275,59.77901671584998,8.0,115.45668408915617,,,,-9.344911389092305,25.0,,783413.4951090488,32.610568213029126,0.0684471427957054,48.0,39909.52494141791,7.097331180004931,99.03243825599785,0.0,82.03838765725737,0.12174555316420638
138296.56711235037,65.94625348885197,100380.0,,562826.0,42,999,1,,,24717.92501083808,36767.40818984566,7807.0296234100115,1279.448209276044,1621051200.0,2021.0,5.0,15.0,5.0,,3.0,1.0,4.0,627.4989120491716,613.1344631838936,667.6952415299103,669.7590049102635,,83.14457257952317,9.138308205853082,6.518633463826683,52.97228597844486,56.0,120.51869596571528,34.362708134664466,,-1.1445566871910224,-1.4745773347625484,99.0,0.0010841408503778154,919357.7492225736,,0.5859892819228905,23.0,34598.637288193844,,96.69261779866218,0.0,103.00848371784389,-0.13391837504205395
310590.9818734027,,100381.0,381.0,858813.0,42,999,1,,,,61051.13077616773,14096.365938875791,686.0892362610483,1643173200.0,2022.0,1.0,,2.0,27.0,5.0,0.0,2.0,1044.9605475916985,1038.0671508466914,1140.449206848148,1079.7551404934136,17.293982936902776,,,10.336783323651119,58.70661155061072,2.0,132.12188887343177,59.57196119960241,0.8551450856462838,4.3874626478812475,0.09652611279913631,25.0,0.000854052866694464,1033416.1047991725,89.97630051673711,-0.5016060856835591,77.0,118095.92854695948,6.314402969774784,105.55245779925383,0.0,95.40444306863321,-0.09858214774291549
180288.73802450538,100.0,100382.0,382.0,557688.0,42,999,1,,,19689.039008310738,98952.23310536027,5001.3699313665265,590.5427530640409,1628222400.0,2021.0,8.0,6.0,4.0,5.0,7.0,1.0,3.0,741.6842856027528,757.2053946930918,834.232639100258,791.0697795897719,,84.8528540086019,10.532360761814683,10.226674066550807,45.84025196755164,74.0,124.13335532321672,64.66067170573015,-0.13333217875081693,0.27464551793390474,-0.039243157756594566,2.0,0.0011041400380936374,858809.9759076909,,0.8577761893215923,19.0,20991.54894220435,8.464489832358176,89.77199648264111,0.0,128.50425909673464,-0.1913056777250078
142487.62618179916,80.16115408616947,100383.0,,534239.0,42,999,1,,,,35476.596888844746,,4576.695236668596,1605762000.0,2020.0,11.0,,3.0,77.0,1.0,0.0,1.0,961.7165839746713,968.7408374705233,1059.6707988467624,1003.1998616650941,26.275875542485558,79.296575976474,9.824880526370672,3.859153636282585,43.287585297552006,88.0,120.50946953299356,63.5450097823481,-0.5060509583008276,-1.6540745597167867,-1.7354809707325425,3.0,0.0008956432000056905,1032007.890308028,32.81309015672084,0.3902404456007911,25.0,55034.15404343449,3.362171729134097,136.11582221987055,0.0,,-0.26263834683417253
245137.82833206933,87.02985044297408,100384.0,384.0,593835.0,42,999,1,,,,351517.858477662,31810.590327056078,1629.9979602095332,1655352000.0,2022.0,,16.0,,67.0,4.0,0.0,2.0,1124.333173113717,1129.6105642446494,1274.5302867313876,1179.3604539398846,6.950672579136333,44.5112106424454,11.736460979355874,8.750472415996606,60.1801569822496,41.0,95.60810758023203,58.851094912827186,-1.1796973262727348,-0.5230433787035504,-5.789305531306308,100.0,0.0011797538438103538,807925.4305875648,76.94849538081405,0.09325409145060037,55.0,73955.03497467774,4.879241786858637,118.42236333597258,0.0,81.33170960191741,
289128.05766150914,71.55913785570083,,385.0,758413.0,42,999,1,,,14135.235826083575,7216.85030287719,2651.8146296619902,790.757150899192,1673931600.0,2023.0,1.0,,1.0,90.0,4.0,0.0,,1044.7902182995454,1050.3025400843649,1134.2746161951836,1115.8519830182502,47.824299387963016,118.08373889833344,10.872574657355395,8.403466061139062,53.92502279621424,47.0,88.47629114637866,41.57997125345518,0.4434431327212347,1.0828659208330447,-0.949609947407644,1.0,,916796.5239567639,90.15451573945028,-0.48889171041293067,75.0,67318.11626623386,3.9579615310569163,105.30264593149177,0.0,115.43442208049784,-0.13002978665751624
139752.16948903777,100.0,100386.0,,632523.0,42,999,1,,,78837.40824383013,1186.9190408076029,1465.1585671910855,3944.719839806264,1702270800.0,2023.0,12.0,11.0,0.0,2.0,3.0,0.0,4.0,1279.7611769215155,1271.223639229176,1426.2353188952434,1339.943970145522,22.772008345833868,72.98961502250096,8.871299607267723,6.431066525561957,48.418754963884304,2.0,69.08195498031901,61.482226814504735,0.20988830095448746,0.3000727797944084,-0.3014838982566856,100.0,0.0009550807927836736,,29.390162452029422,-0.7368776311945291,37.0,20848.057444573704,,125.54356416793533,0.0,79.68478618225022,-0.23661060793702787
175584.5828504486,53.0212770536353,100387.0,387.0,900003.0,42,999,1,,,75073.65091463497,16583.544482018242,408.60109308713174,7138.12646376501,1631332800.0,2021.0,9.0,11.0,,13.0,1.0,0.0,3.0,,1110.8943444965691,1212.6571418820122,1192.850215610463,4.041172531598178,39.27411055687672,7.623552813784969,8.340658491345156,52.147973737837425,3.0,94.84265659094824,49.812813369052655,-0.6811481577171242,-0.9214310146121154,-3.0161733295945936,2.0,0.0008450768531465048,955047.6582509538,62.791717671459736,-0.6086986718161083,52.0,34580.219765511945,1.6337850646202288,108.18678627881827,0.0,105.64444087525014,-0.4732146608726969
,42.033019755174585,100388.0,388.0,986036.0,42,999,1,,,88540.53802272423,219.97787437401342,,5635.950929595097,1686024000.0,2023.0,6.0,6.0,,98.0,3.0,0.0,2.0,1066.1145960772872,1066.1865134939708,1170.052454218223,1096.5547356408404,,79.52682362631211,12.985043023734336,,53.58205538765408,30.0,102.90356939748517,53.00109020729257,1.3295225949300415,8.802574220708888,-0.20172473432531657,99.0,0.0011520467015641539,1028280.8516989315,0.13417944366143075,0.7963428992022012,76.0,31561.576442401634,2.4982187680213914,80.2208319649891,0.0,91.60821035053041,-0.35359444330770634
,75.25925378503972,100389.0,389.0,865034.0,42,999,1,,,44531.064175429914,104225.86010080685,1477.73772849223,3693.11345006984,1693540800.0,2023.0,9.0,1.0,,51.0,3.0,0.0,3.0,848.0070715285145,845.3595025696083,939.2495612302382,893.0568995300102,51.099013148093654,123.97822366656858,9.600079780683137,6.300595637601311,51.09630059331574,26.0,108.18528232697004,,-0.2677487236173051,-1.0589989681978285,-1.1061064350208354,3.0,,995098.8500809157,53.43918280058896,0.7678209712606763,49.0,61353.893306670114,5.215900631093684,,0.0,,-0.5808266047470023
166268.74573429552,73.1919765494596,100390.0,,656109.0,42,999,1,,,31500.981777052868,,10266.717132905815,1249.58509091401,,2022.0,,19.0,0.0,39.0,1.0,1.0,3.0,915.4754541518371,910.943268885282,969.4131141930195,,0.6039892336619239,33.08718062059146,9.408057457870559,8.521579775544675,42.05470723080348,44.0,103.47860020375465,47.43803492818544,0.0833190937419438,0.3851112623921161,0.3279390630658846,100.0,0.0009887347062647665,,17.92971970895516,-0.3714645706930819,29.0,,5.1513486452697315,84.00424717329827,0.0,70.88911285917777,-0.3356690707977243
,96.50510911049624,100391.0,391.0,861130.0,42,999,1,,,75149.11773212059,34257.71647912691,597.3858224476891,3163.873506521892,,,1.0,17.0,4.0,12.0,1.0,,2.0,718.1624132526404,,796.5333386104301,778.3278771209716,27.8417786992353,82.11520165862353,,7.050945051398907,,58.0,63.3260408481887,,-0.8153494055305206,-2.160432728941749,-4.1257971251568,2.0,0.0008915061259648545,854187.4983270876,3.2191867855742795,-0.03644802440870176,64.0,153184.99613757143,5.931598768279398,108.41111472802076,0.0,103.90557016509278,-0.2725364004725521
113253.33468618375,100.0,100392.0,392.0,874845.0,42,999,1,,,1381.7325960704354,6011.845670046795,386.62759441106573,4874.616540437313,1695960000.0,2023.0,9.0,29.0,4.0,19.0,,0.0,3.0,945.3263301357928,945.0072175971793,1009.3348716343302,1002.1873582419022,9.759929856762826,,9.28778749234761,6.5117744275033855,23.363577771881626,40.0,120.98915402086512,53.977111438249366,0.2678455583950415,0.8391236876235527,,2.0,0.0010368235144597232,1045056.145195525,98.41756159698603,-0.21461977879455474,23.0,37653.07739613976,7.986356972987387,,0.0,103.59094430197422,-0.26525943791892337
168281.21981465572,100.0,100393.0,,,42,999,1,,,40534.7833439621,1780.5398254249208,1723.129743343708,6324.545415127556,1675918800.0,2023.0,2.0,9.0,3.0,,6.0,0.0,3.0,922.1516269148898,925.7516214378277,,948.9972528988573,27.882130171975327,82.18783430955558,,6.554674766799695,66.82382340001493,37.0,104.72114374744064,37.41590139963825,0.4940607426711189,2.5473411989104715,-1.7375647919402755,50.0,,966509.6540492357,23.620471059822336,0.6935475357325269,37.0,61545.42422856909,7.4417061190923715,76.87123520679432,,,-0.3937152322842177
176748.18851742562,94.08142346944537,100394.0,394.0,684829.0,42,999,1,,,26882.323950334547,46412.32567246348,352.2184588807975,8617.241985019577,,2021.0,9.0,5.0,6.0,,1.0,0.0,1.0,1146.9767211863923,1146.0240936622854,1254.4504792569244,1213.1009001037678,29.617236518504026,,10.179449537703801,9.556029450244555,53.167043512930476,39.0,96.10082729929303,47.849433829944985,-1.5790582205280503,-0.06107830352599669,-11.365072031708744,1.0,0.00096901657211362,1056182.459487857,29.634813707916607,0.920648280192621,27.0,68683.65414472204,6.050695964183178,,0.0,81.34750298171173,-0.3959485411062048
178665.3469693981,78.5530440563218,100395.0,395.0,844242.0,42,999,1,,,13262.192581292806,6842.601825845164,5650.900290026406,2878.911596355622,1695182400.0,2023.0,9.0,20.0,2.0,98.0,6.0,0.0,3.0,870.6098745342683,859.2375260925771,953.3682652276609,915.8049912091597,,89.94197686826743,10.052088422224633,8.723456026793414,43.834728609589874,,74.95501567773061,43.9611644988988,-0.8920835338728548,-0.679243525538745,-2.954427984455002,100.0,0.0010599004297401175,877798.5114493761,54.09565900530939,-0.8899347727953046,25.0,62297.06422275257,4.906288636763312,95.25651055990181,0.0,123.7044323963981,-0.2975157791259365
188420.0672439823,53.3448669341861,100396.0,,542364.0,42,999,1,,,9081.477181500057,17692.17582169306,2530.085730616632,3571.255901016112,1596168000.0,2020.0,7.0,31.0,4.0,23.0,1.0,1.0,,1388.5034937474427,1391.094082981082,1571.28158077768,1447.8237446353246,-6.631919444389002,,,6.749483432843395,61.11994639214936,38.0,96.88431194886898,50.02659765579895,-0.3111853919205313,-0.9306836766937777,-2.8158157555331877,1.0,0.0009439640943419609,1071613.9269405382,24.456578801229732,-0.4321362411933991,39.0,108010.61890457988,,78.93550610053629,0.0,124.74463308392441,-0.5442467093611436
249009.7965288385,82.29073017593934,100397.0,397.0,872552.0,42,999,1,,,11387.578853286182,7209.928750433467,4232.556503378129,4240.65541748273,1601611200.0,2020.0,10.0,2.0,4.0,80.0,2.0,0.0,,1275.180200279522,1290.9940251659182,1362.3925329456977,1324.1466001160147,31.826389264644504,89.28750067636011,8.404369058264805,8.079303109738873,22.763222169442162,30.0,63.56943685533339,42.112477732674954,-0.08998792254102368,,,100.0,,1068608.830464946,3.8755850701263417,0.52566400342472,66.0,109678.16937256958,4.871367076005352,106.4353297580933,0.0,,-0.6507362651368461
269766.6651135636,100.0,100398.0,398.0,871368.0,42,999,1,,,23126.969279098736,7694.719974625093,,5224.981603587078,1624593600.0,2021.0,6.0,,4.0,5.0,7.0,0.0,3.0,939.7883253399607,933.5221338525113,1005.7253851883252,966.8185637938292,36.3558582863742,97.44054491547357,12.244980129337733,8.217871033160918,45.2812541834989,6.0,,52.71748512759353,2.026421275654408,14.1274332137357,2.8822907553409784,,0.0010733531201619238,888349.8651289956,6.702094588878427,,54.0,138330.2871801825,9.420073160319308,110.06950568096984,0.0,92.85397043618924,-0.6579514594574108
237592.40647404053,100.0,100399.0,399.0,,42,999,1,,,,6836.61067955939,1935.2255005794575,,1598241600.0,2020.0,8.0,24.0,0.0,95.0,5.0,0.0,2.0,,1322.9153094343944,1450.224151199002,1356.0110552085714,24.724400725870737,76.50392130656732,9.530731108184389,,58.37536528837187,67.0,109.61579367743808,51.42777562079326,,4.204778938052994,,50.0,0.0010221087375348267,935159.4127535813,55.51762113656722,-0.30915333870403283,64.0,92020.31273166786,6.868999186748991,89.68852118505488,0.0,158.43740359512316,-0.42165651709792495
246284.50676336975,80.68936220046065,100400.0,400.0,,42,999,1,,,32638.28599817276,3112.301710500895,318.48310688101924,148.45240981811037,1596772800.0,2020.0,8.0,7.0,4.0,45.0,2.0,1.0,3.0,,1053.1263633669666,1170.5065408390014,1117.254233794922,23.03336788660917,73.46006219589651,9.447067055909775,7.7342686466960675,41.207947244238554,50.0,97.41106698016189,47.77983634432619,-0.018406793512263573,0.692379912572861,,3.0,0.0010329547386464144,868530.5295434725,77.23400663818605,-0.7065126907419887,71.0,,4.643348056585898,109.80477863517274,0.0,82.08104602367295,-0.7384931591873408
,88.36721503234986,100401.0,401.0,830633.0,42,999,1,108.43173221228912,,30725.67020138417,263185.9451598049,,,1675746000.0,2023.0,2.0,7.0,1.0,39.0,2.0,,4.0,1080.567662826429,,1167.2327232277407,1110.0279878971228,6.852889357211344,44.33520084298042,9.740446757626227,5.519487246354154,71.31695948253125,16.0,73.3756627289301,42.10723529385791,0.45638118205921946,1.349915637754709,1.1178702490107664,50.0,0.001123401120825244,957024.5585232304,57.88601339015981,-0.3289480991526792,48.0,73957.73457521737,5.137747904243576,96.83415480175226,1.0,113.6613181919204,
185498.31282600883,21.351224003374682,100402.0,402.0,,42,999,1,104.91012112733056,,40084.58590752838,42019.82564807222,3294.396329567875,4460.806713644345,1605330000.0,2020.0,,14.0,5.0,75.0,1.0,0.0,4.0,1208.3749343348447,,1293.714761633679,1249.8115400542185,13.156829094311037,55.682292369759864,10.742035043315383,8.894630398011108,54.187880774889614,,145.6372467023533,39.71699733818359,-0.543501876449628,-0.05871477776883871,-1.1531657240016402,25.0,0.001215932655123451,983982.9907233125,72.61350547017275,0.076799384180962,37.0,83495.41715987519,0.4283332567575382,77.26343326282291,0.0,90.61786347462865,-0.6811877941606463
173106.26008418633,50.079889058685445,100403.0,403.0,922271.0,42,999,1,112.03160713978525,,3875.2489448292563,71521.68960940371,,5815.150571328726,1625976000.0,2021.0,7.0,11.0,6.0,31.0,7.0,0.0,4.0,1167.5878686091164,,1276.258203845728,1217.2706046136336,22.290600863568635,72.12308155442355,11.716615806644851,8.391190246959162,39.17180302366047,68.0,115.99273664459692,,0.2688406162126715,1.032288795600373,0.6954816392505598,10.0,0.0008770838744065771,916229.2961242178,52.3649574252009,-0.06493192377589696,29.0,,1.4191430231566082,127.02839143296126,0.0,97.33961842997333,
268436.7001200722,100.0,100404.0,404.0,989548.0,42,999,1,81.87397464736154,,,10689.231289399106,971.4918529912173,3186.1200386038577,1627704000.0,2021.0,,31.0,5.0,88.0,,1.0,,892.7772149256357,893.9930534662636,975.9491149964008,939.0941281467647,13.041176387679496,55.474117497823094,13.058799377338767,9.600657947849902,47.66305859507055,50.0,102.6987530653358,59.60766610467768,-0.1107470500550979,-0.6066945682059831,-1.098177363299857,1.0,0.0009290691232776936,924729.1250664351,25.33611379844265,0.4109639055345775,68.0,22006.310552100327,8.281315163599327,70.38279618628673,0.0,109.17046623592596,
242508.29781545582,98.41513198723473,100405.0,405.0,882884.0,42,999,1,83.87063602186933,,58909.10938261925,,1215.5279732796905,5619.973871966323,1684814400.0,2023.0,5.0,,1.0,78.0,1.0,0.0,4.0,1393.1750385981359,1378.5629731851693,,1420.0438058679886,15.28768387372608,59.51783097270694,8.545571553469047,10.003076246622362,43.62278123317239,59.0,,-106.91935071221796,0.029020911538850065,1.2230557398207742,1.0005896273141954,100.0,0.001060371196631263,,28.547316149068447,0.2594197603419699,70.0,17097.48285878978,5.019249948792972,,0.0,81.82774015601291,-0.8037904580106607
,96.77682508408367,100406.0,406.0,693190.0,42,999,1,104.84325246299962,,,5035.432398729136,2123.90105688976,12776.888970388252,1615093200.0,2021.0,3.0,7.0,6.0,3.0,4.0,0.0,3.0,1181.7496207752426,1180.6447764977927,1271.0428835113498,1225.8059759863286,30.11700886254749,86.21061595258547,8.94597350848927,9.39150121539309,69.52796528640187,35.0,99.67965681314286,32.48721003602856,-0.2015857236769546,-1.1051364863618585,-0.2827804340164053,50.0,0.001060218862090345,948857.4850730724,93.57488656039632,-0.3483321048523129,47.0,19660.359221911775,6.000861440891805,108.31190603784465,0.0,96.05866619102252,-0.6901928639826663
198708.9441273599,79.96975462145826,100407.0,,919585.0,42,999,1,57.53516878878795,,21684.595929466534,10213.330651407949,708.2708824212569,8460.593311731931,,2021.0,,3.0,4.0,,2.0,1.0,3.0,1023.4310755197936,1052.2820539769727,,1080.367482876344,2.33888029185497,36.209984525338946,9.369241292338595,8.100642387171694,,,93.0252269653219,51.93253035547955,-0.9510855138771648,-0.9223067868828859,-4.6895488926288795,3.0,0.0010483072691642593,897326.8531090518,75.78349548738646,-0.29484879125590613,62.0,82214.50717913042,4.022734145827953,114.0654595903503,0.0,131.8677388589177,-0.8376343720785355
262144.21938490856,100.0,100408.0,408.0,744899.0,42,999,1,89.4435336734595,,50656.57666903565,10048.637115001484,210.61273263462476,1144.2096607141473,,2021.0,2.0,20.0,5.0,19.0,1.0,0.0,4.0,1122.7884628517859,1157.545193522377,1233.2276987227951,1184.5880751725904,33.41477965613778,92.14660338104801,10.430961570422582,9.742603491867337,52.4754845907912,25.0,121.49594165604913,38.90781174867286,0.23648014119406077,0.5215192466571207,1.1207191331405129,50.0,,,,-0.8986837268186618,73.0,25570.886619755274,8.253861126272085,95.19027938229863,0.0,,-0.6399161320053924
179761.78814297094,55.62543259197476,100409.0,409.0,614185.0,42,999,1,118.07998105041153,,125750.3885580593,9489.781019308342,,1618.4063921678314,1699419600.0,2023.0,11.0,8.0,2.0,52.0,,0.0,4.0,1247.016486640651,1260.8655782553396,1347.9818209506318,1289.9995065309072,26.686531644796787,80.03575696063422,,9.934718018324277,43.237780278651584,33.0,94.97735054336115,67.27840958910909,2.154034129772831,16.045060916471673,2.316079299758066,1.0,0.0009866603996073861,927907.1990584104,,0.5700713436775784,,,,113.49052052971972,,59.35838725098027,-0.8187242404613813
234696.2004811348,100.0,100410.0,410.0,505600.0,42,999,1,111.64738052049783,,57054.091149816275,9056.106447976234,8.028972846805704,4907.607175648955,1689998400.0,2023.0,7.0,22.0,5.0,51.0,6.0,1.0,3.0,1053.7908522251428,1038.3986195442983,,,31.724664766268596,89.10439657928347,5.939011555139281,8.710796215614318,39.9646194941523,41.0,124.92652424033905,45.74209505740749,1.4256607148414326,8.161047391676966,0.6452317730103109,25.0,0.0009001506335485918,825745.7906822131,,-0.49381100323821814,79.0,,,101.75215755425958,0.0,87.69440295117066,-0.7317653131073627
253310.47127759273,80.9393918266056,100411.0,411.0,867081.0,42,999,1,58.34413567240919,,50204.611718433334,40632.98944852509,7211.706288673097,1661.95656560797,,2021.0,6.0,24.0,3.0,77.0,2.0,0.0,3.0,812.2830370389215,810.034043126056,904.9388976252509,853.6471786748814,24.103832059214824,75.38689770658668,9.488482987361074,8.268897679960222,52.02018454030747,36.0,145.30425088636224,69.11743391308303,-0.5901960268876867,-0.44360545217856895,-2.699985947292758,2.0,0.0009484604016820098,1106218.194196565,4.191128284018497,-0.936522079139245,62.0,82756.79534161245,5.698093003488609,90.2195205510417,0.0,,-0.7568223501910581
220563.5276011892,87.40314039135369,100412.0,412.0,819100.0,42,999,1,105.1299690080512,,64538.66827494852,45113.42196487122,483.41135167521657,2438.7888341206476,1667275200.0,2022.0,11.0,1.0,1.0,84.0,,0.0,3.0,615.628989627993,628.4034533916642,672.255561608514,670.4527263150145,20.347555926662377,,12.80138842432746,9.090084532928879,69.16765925834844,79.0,100.52181353813745,44.430005369906084,0.3367710038209991,1.4751289271885342,-0.5379152053957789,100.0,0.000928467573193554,890929.225423276,15.704698448623988,0.5885268534294756,33.0,37311.69670577929,4.6047952043172335,113.48204261412194,,98.61294759223148,-0.9628947940393304
262923.9247941433,29.915473097420435,,413.0,736704.0,42,999,1,122.06410657917442,,17549.942632115748,13630.487909403879,3720.0553893770457,11132.391697528516,1664251200.0,2022.0,9.0,27.0,1.0,84.0,5.0,1.0,3.0,,904.1262863148305,987.8335122424788,972.6686437660144,,68.7725884736696,13.870058231381188,8.952900104272475,49.039522074791805,14.0,121.93286918288582,61.552361215057516,-1.209551468337816,-1.4853518758109736,-6.01986691610288,50.0,0.001105265786043299,1076279.688268888,84.57191309824287,-0.3158212592664793,,44125.79339140077,0.03910618262990617,84.01821289446616,0.0,88.01044661667692,-0.7000782045539845
143153.48632884075,70.11709511219594,100414.0,414.0,851991.0,42,999,1,101.66147289988892,,73176.09290251878,837.3574882055083,8009.300121133252,2768.5361624914435,1622260800.0,2021.0,5.0,29.0,5.0,91.0,5.0,0.0,2.0,1052.3152758277859,1061.7730229381852,1159.9430111701365,1109.22875281393,8.663848091972689,,6.1805492638080235,8.86306253404456,56.3012310689945,77.0,115.2474528435942,35.677470231728904,-0.8933530529681335,-1.1779906731026786,-2.161501344802303,50.0,0.0010616365977435221,974128.0025437637,12.058425227150115,,28.0,87008.1848226309,5.379318704179352,73.13624061015854,0.0,,-0.7369531965215734
,57.739861868954556,100415.0,415.0,857248.0,42,999,1,98.17206335795295,,43490.5391713865,5139.018404022054,11761.3460886686,3604.714339845156,1586836800.0,2020.0,4.0,14.0,1.0,67.0,3.0,1.0,,,1033.1222413850903,1138.7121728158238,1067.7149334253695,23.167597909238246,73.70167623662884,5.789996366864286,6.1762015985598495,42.22764444851994,54.0,103.78626950738474,60.167818782727906,-0.7149234383137489,,-2.207103475791055,,0.0009909471118900485,,54.13552196811055,-0.4009895697154733,56.0,45372.13270879483,3.6210008194194794,63.44412725215154,,81.74033300407302,-0.8778364391792143
177175.6662302389,79.940848593259,100416.0,416.0,829412.0,42,999,1,79.48333446635182,,16452.339931946088,44731.15863303317,3731.405521407699,2100.4069744247668,1594180800.0,,7.0,8.0,2.0,76.0,3.0,1.0,1.0,969.3594152132512,983.4968762512331,1065.8867882868237,1001.097863698549,,,9.635579809332711,8.48437022120938,36.54964192602728,72.0,82.60509949994477,46.07756807134787,0.6904624226207334,3.5210001325186178,-0.12685622619676512,100.0,0.001052666246392838,856356.7882842841,85.39670429400859,-0.7343059705775346,29.0,69546.33949352034,5.061455530929737,88.29609556721897,0.0,90.24622513164432,-0.9518292839748286
320893.66549047164,31.474882296981473,100417.0,417.0,968635.0,42,999,1,99.30598087548375,,2216.214332628508,51919.58770141058,671.3718705422724,,1690084800.0,2023.0,7.0,,6.0,,7.0,,,872.0973341572678,893.4343260300818,951.3912215369571,922.6557578290596,41.18595603337014,,12.645646223936396,,57.09265269487658,,88.38168908789645,53.63538333725625,0.03573515133112364,-0.1536015195058131,-0.5224302226370021,25.0,,1164929.9150388518,47.190735060638076,0.9362262461765045,75.0,121687.36730356298,1.9161475393418845,84.25372432171318,0.0,114.68180472620196,-0.8625278621320109
238465.62220394544,42.42682887122764,100418.0,418.0,639514.0,42,999,1,117.30000899584147,,71752.1156638772,,16857.593063412696,2350.8789205568537,,2022.0,5.0,17.0,1.0,94.0,4.0,0.0,2.0,1034.0167706805082,1036.2308253552899,1119.1249648128396,1108.6800034454825,34.17871695569319,93.52169052024774,,10.008932088427255,70.3714417542926,30.0,99.40182541952208,41.424887520032094,0.08497985674854217,0.5328849301800731,0.09190951321929604,1.0,0.0010489594739804381,1031235.765713097,71.34518759363874,0.026037853429232705,38.0,66403.14006481617,1.563825498080483,95.61602753223707,0.0,127.45857212112412,-0.8538908273900754
267641.5357102981,79.40860296736301,100419.0,419.0,897066.0,42,999,1,89.66074287203963,,101134.44566325175,3424.9896838834516,,5005.257491934142,1626753600.0,2021.0,7.0,,1.0,24.0,6.0,0.0,,1142.5228794177676,1149.6017704586986,1198.930943001161,1212.3908334991136,21.356307659239583,70.44135378663125,12.104600261802165,8.675372333397664,40.72912735972555,14.0,128.57759144763034,49.217289571422235,-0.11359680952047797,,-0.41321056667681827,3.0,0.0009590274629130305,1139854.579367621,7.0276022401967175,-0.1683126434822746,62.0,91479.93833006962,3.4558830648780687,109.18076539141049,0.0,72.40554841129219,-0.8936704377836658
206730.31397038035,54.464458565669226,100420.0,420.0,574920.0,42,999,1,101.89506568809172,,21520.448589859345,787.8101313795952,3004.832024810167,1270.2114009771965,1585627200.0,2020.0,3.0,31.0,1.0,33.0,3.0,0.0,3.0,,1068.3478369311342,1181.151072502171,1129.3458617581362,8.765972779455716,47.77875100302029,11.69806387034054,8.824397914451767,42.69444558306514,28.0,119.8064226072816,61.88614466924297,1.7808996265050918,,1.5238776016796236,25.0,0.0009590415115412472,1119230.0492304945,,-0.18402886464854173,,55670.11900087809,3.3640107319169563,76.54719961508368,0.0,,
183259.65604043286,78.4280017867957,100421.0,421.0,734877.0,42,999,1,84.21822680316512,,74235.34747358071,422788.41215751535,924.1146908868301,2068.2502730460087,1578459600.0,2020.0,1.0,8.0,2.0,28.0,6.0,0.0,4.0,1046.9753564955024,1034.7328702623047,1170.3126485768914,1120.1722929574726,15.264664297782572,59.47639573600863,5.812339328266573,7.101450841223242,50.78826764098633,96.0,,48.457315355448166,0.17185381249831602,,0.4049507355228449,3.0,0.000976447925818089,1122876.3750714213,58.05030377752802,0.9336817553291443,62.0,29789.17513485143,4.789160500996898,91.17082681403483,0.0,139.03749679441194,
197355.84581587475,74.290412858661,100422.0,422.0,564632.0,42,999,1,105.69556535944108,,240.32706308950222,25947.00869617608,143963.53859417024,3609.44016886647,1636866000.0,2021.0,11.0,14.0,6.0,48.0,,1.0,3.0,1034.0222994074772,1017.7828949424772,1124.8562849344166,1108.9943729952524,,77.66369893169224,12.692372679811303,8.205313136928709,35.9366977272818,,106.23141471465509,34.234679025755604,0.31911673339977337,0.4754125222036105,1.240805040666896,25.0,0.0010121604824359861,996060.3050287402,,-0.7316327887205158,35.0,76024.84020839915,3.7271597230104003,120.60742764177657,0.0,114.72145778896902,-1.0015889390831698
290655.3784627757,64.6609696573154,100423.0,423.0,645155.0,42,999,1,73.33912283191725,,47718.744958155185,11325970.804671073,608.8767744805141,,1600920000.0,2020.0,,24.0,3.0,18.0,2.0,1.0,1.0,981.321081669224,1008.1348765484631,1077.7613176263606,1024.3580367081488,29.04238785423362,84.27629813762051,13.256117167903886,7.321274563647471,68.12734086684786,14.0,91.86661215202656,48.95021810661399,0.10469119305621166,0.8401116683659255,1.3810475011870567,,0.0010330039106439112,1047850.8996971763,75.92756369677865,-0.40013192884316573,73.0,83485.98377437018,3.832142985632691,96.21600226768467,1.0,120.90652865926228,-0.8770579944183708
,100.0,100424.0,424.0,523392.0,42,999,1,92.76676863235907,,7148.216498832394,,7962.941598361105,2742.841010849452,1690516800.0,2023.0,7.0,,4.0,92.0,7.0,1.0,3.0,,,1009.8574774553434,1017.3013320216415,16.51484674539117,61.72672414170411,9.092722059145025,9.194455716991211,45.117293222292744,20.0,113.70046161938225,29.147590852804445,-0.7025892528632663,-1.2102178773571628,-1.7481473314484925,2.0,0.0011113773192697586,1070149.6010363768,39.330380968273616,0.6208407522435817,59.0,61859.50712044845,7.379254915879772,84.02784561599685,0.0,123.94923267320424,-0.8803956683005167
,94.88923378539091,100425.0,,841255.0,42,999,1,95.04339091182483,,21825.124591716107,9237.917867518849,21961.579771167533,3462.3242462992753,1624161600.0,2021.0,6.0,20.0,6.0,,5.0,0.0,2.0,847.9404234423115,850.5848583238139,940.7284554806134,895.9998834620749,32.70333558607746,90.86600405493942,8.643728989408839,7.198380519379198,37.11608918030926,15.0,118.05672278645322,55.12544325588856,-0.0009239582304436312,-0.18809121455046332,-0.9231957194654852,2.0,0.0009786833025401869,1168061.7889577188,24.651307214533556,-0.5654280948933486,23.0,129600.4810301078,,66.6267283720113,0.0,,-0.8111506621918453
217781.19558519238,,,,645214.0,42,999,1,95.18551510627444,,383.10603109954786,1272422.680547586,4455.521386188388,3304.059793428871,1606366800.0,2020.0,11.0,26.0,3.0,94.0,6.0,0.0,4.0,928.4702772273602,923.8754821892389,1031.6695622416037,961.7435281048862,24.77438086130647,76.59388555035164,12.357443838320004,5.8434268237030125,44.08775803126041,,108.92378397748791,59.11077619745225,-1.7245696014674505,1.2232608896112132,-13.0146658231213,2.0,0.0010410575664988558,952229.0220806793,95.13145048165681,0.3878576935313516,57.0,63078.17412415534,1.4217018045171437,103.53379020907211,0.0,99.4286191815737,-0.9644674165540748
233995.68232897937,100.0,100427.0,427.0,547028.0,42,999,1,105.47156443582615,,5495.3886285845065,27256.364691484367,118.8133616562015,1077.5275508640043,,2022.0,6.0,23.0,3.0,19.0,2.0,1.0,3.0,574.2101071320341,558.4344077401042,646.3112780921585,627.3012224141634,22.54565558279839,72.5821800490371,8.603777077620803,6.601420008362362,45.879673405343354,19.0,80.18313276575365,57.6122281177384,-0.7562955410235097,-1.5673464071241008,,,0.0010720767173285177,944353.3742413297,47.76226392079186,0.7836007772891647,75.0,33023.614816316425,6.731281347393672,103.01309690394783,0.0,122.25816107096918,-1.1394696784625689
262595.8385600074,76.16011523318252,100428.0,428.0,744859.0,42,999,1,78.56321196567423,,145947.4043550737,1876794.958086134,421.38926924657835,1838.103417667295,1675400400.0,2023.0,,3.0,4.0,67.0,1.0,0.0,2.0,449.33841057687096,,478.29919827981615,492.04563700383574,14.70791203851511,58.4742416693272,10.5166792254575,9.572931958139712,26.761502481600218,,97.61440223663368,36.94128730542906,-0.6565766644487822,-0.9530979412052741,-2.226105213261814,100.0,0.0010927741406464037,1047969.3234897928,38.67183435938699,-0.4454744028205466,72.0,,,116.01469336662306,0.0,122.64642512449467,-1.13573335569913
269728.1719847371,94.61494930019688,100429.0,429.0,798483.0,42,999,1,78.13896085960576,,66532.70454993368,17394.445547224415,304.8088587592419,1342.5670121866767,1702702800.0,2023.0,12.0,16.0,5.0,15.0,1.0,,4.0,891.1317354183376,883.6880620287701,968.4731581445575,934.3282810524934,,105.89235283419234,10.039281758137399,8.07290928170185,37.76521848427974,91.0,106.36021090093944,56.73520585934193,-0.6613496308418931,-0.11564653465500196,-2.401241011500181,100.0,0.0008288232980695797,,39.07341011763601,0.46477913609030486,78.0,54090.20253167562,,,0.0,106.19700857065145,-0.9671407880967243
207876.1369726132,,100430.0,430.0,990885.0,42,999,1,135.4335114522313,,161870.16703791407,7150.369504562027,127.03934788559957,1673.6097072726602,1653451200.0,2022.0,5.0,25.0,2.0,57.0,6.0,0.0,4.0,1132.0441197534317,1143.0339268294902,1224.2562473849262,1172.737808133884,19.85525243047512,67.73945437485521,9.26900576971928,9.689556710729239,51.07611997368804,76.0,139.02859794571214,,1.6244993781319703,10.475739159118417,2.117237088253898,100.0,0.0009779619060708005,784286.3335672917,99.57842096937611,-0.37402383031045594,36.0,124085.4944456783,6.752752243752144,89.2491253036643,0.0,90.70379144524098,-0.9090181200257583
151308.7015768854,100.0,,431.0,598439.0,42,999,1,84.41648597636134,,,8578.765728325683,3972.8231827977297,2255.623302192482,,,2.0,22.0,2.0,36.0,4.0,0.0,3.0,1154.8950823046207,1145.7520514348168,,,,59.30139258607794,,6.847743770213916,51.800013897092285,16.0,59.716864645520246,33.38787824095964,0.0010899663526817483,-0.3426162533915033,0.5896056610394799,25.0,0.000995521840884438,1014719.0124517803,97.50958430222329,0.5014012745264895,26.0,99984.26092272763,6.97806450435787,101.16102512579785,0.0,,-0.9348265781898769
289882.99505452876,68.9336426377512,100432.0,432.0,702385.0,42,999,1,79.14045658592232,,109001.95138124345,856.3276574886526,,2685.300700532566,1579496400.0,2020.0,1.0,20.0,0.0,14.0,,0.0,4.0,1366.8757112307067,1361.9329035328358,1472.0253889248227,1408.6169294769284,14.798893648266302,58.63800856687935,13.94466590437882,10.178061402777406,47.02126683194358,66.0,99.5367453632517,59.31473900970943,,-1.1744538236662072,-2.464165947966479,10.0,0.0009941442230814218,1156822.8590852749,54.53233895512148,-0.5923416538114068,57.0,58078.55485110165,2.4938108907979517,125.8896247176638,0.0,113.78905502463591,-0.8005336152036847
224582.71036432253,51.76761335480747,100433.0,433.0,505361.0,42,999,1,86.84238768333606,,103550.79820255552,1086772.480156997,,4008.6915669311616,1597636800.0,2020.0,8.0,17.0,0.0,84.0,5.0,0.0,1.0,749.3827108133107,739.1379058875827,769.8918661365464,797.2228679920902,18.78799630800252,65.81839335440453,10.963277077892204,7.5881084604379385,54.1116926479603,18.0,,30.122797528205755,1.0669350431577536,6.007996904761858,-2.4357179024581486,25.0,0.0010285305897476972,1009341.0448461503,21.696566899183946,0.7401264927595179,60.0,82705.3757186619,4.004337993559604,78.45304825928025,0.0,103.0655303180705,-0.9593927996789176
218358.51147826112,100.0,,434.0,546468.0,42,999,1,82.04451299876051,,19477.98672698158,287184.7551315992,1094215.4958076337,7245.897157953935,,2020.0,,3.0,2.0,20.0,2.0,0.0,1.0,,1290.6410735022703,1400.1996629369107,1337.0701200079122,26.374586594947772,,8.770191505171152,6.133312601561936,,11.0,110.4768075175251,29.440818593856974,0.4448263114207668,1.6762786409808506,,3.0,0.0009859753313326118,928400.1539664537,,-0.27924027516616756,66.0,82821.32469891278,7.480163179239716,101.60761345127595,0.0,122.62376060308975,-1.0666193174658916
230477.77658635334,,100435.0,435.0,573448.0,42,999,1,92.84241072491075,,60151.730774965654,,2277.280678867561,2656.964907990649,1700110800.0,2023.0,11.0,16.0,3.0,86.0,3.0,1.0,,1232.6008984849132,1230.0904003731807,1351.5747709718578,1280.102365780079,21.90173314685847,71.42311966434525,11.802894589824906,4.858207808750774,52.90495519966784,7.0,101.43036686931259,,0.36599969854820114,0.8181333045914246,-0.1562304510078578,1.0,0.0011460701495489786,1054551.474977438,44.430234978784775,0.37168390220793435,65.0,136432.5164552721,7.891641921275912,82.55850636150421,0.0,,-0.9431426259255403
263028.64722700877,83.91508667809268,100436.0,436.0,510902.0,42,999,1,93.87923747328013,,53978.63158873212,12064.982890187202,1193.5504894185547,6607.364838279612,1604203200.0,2020.0,,1.0,6.0,34.0,5.0,0.0,4.0,1546.3301469023086,1553.9340245803703,1689.650323196935,1582.6473766550657,30.19289751996174,86.34721553593113,14.967068020173965,6.769013857801256,42.053305628155954,78.0,84.43084616444156,49.81682457946301,1.3601287006293798,7.928129440248638,1.7563127698637142,1.0,0.0009358320114708989,1016468.0650486632,66.87691858738857,0.859225263236383,46.0,102354.02570719238,4.276170683609529,122.26802321686174,0.0,106.58808922752283,-1.0063359896024968
139728.82655612798,73.91716718254087,100437.0,437.0,517623.0,42,999,1,132.52874813819824,,12936.217538057277,18109.1749575344,7288.119318129391,4756.716172352249,1674363600.0,2023.0,,22.0,6.0,30.0,7.0,0.0,,,971.4630768249644,1070.9254137648547,1023.6385108469457,20.225821827425406,68.40647928936573,,7.365596034873159,39.02760466628099,25.0,95.99914072207963,49.35554689554422,1.621426375561328,9.91717118650385,0.8263462754315285,1.0,0.0010283187996424613,989669.1630294826,26.113962337633755,-0.2338140827886337,29.0,88077.96198622874,3.8235510152100263,119.19950474095977,0.0,104.1677653201329,-0.9737849814301558
152174.08131420406,35.84253679862186,100438.0,,561823.0,42,999,1,92.77363880240719,,13298.662279722128,3504.7362345498505,,5971.870585498835,1584158400.0,2020.0,3.0,14.0,5.0,72.0,4.0,0.0,3.0,1191.8689510235763,1203.2783432401511,1298.0690480151225,1209.7999514220107,,65.11987636467356,13.039369507610147,6.855324869122623,51.319088143376135,67.0,100.52865872423824,50.008591314557975,0.43341377073818144,1.3086149121819624,-0.20216867849624764,3.0,0.000972400979604707,892333.1346397153,81.43652285090059,,,46020.7094164801,0.20506365803065485,97.5163439840525,0.0,121.86677143723878,
222588.1236119512,100.0,100439.0,439.0,665925.0,42,999,1,77.37442684662543,,10502.492295307095,115999.6506936029,1408.5316139498452,6584.831325614088,1643173200.0,2022.0,1.0,26.0,2.0,,,1.0,1.0,595.9732030093378,610.4379752932562,634.9419823811027,641.7648260563295,24.981806823920138,76.96725228305624,11.478538657730283,10.872742411299662,39.8961528711105,42.0,105.78551493353538,67.83341666465637,0.3650679676048412,1.4369871099790652,-0.6416499002912917,3.0,,1192265.671810023,62.612953565425734,-0.48858941482059226,33.0,41066.111216964855,7.108915483086907,99.95703601628462,0.0,,-0.8815938796551688
215458.7195309133,77.44252857628469,100440.0,440.0,780801.0,42,999,1,91.34592522183021,,57084.23388585997,26067.26140580163,427.0320990421574,5412.749061548508,1680840000.0,2023.0,4.0,7.0,4.0,19.0,3.0,,2.0,916.3373712538428,921.5922513432824,1046.4296515118501,,,92.04683336422688,10.06170372087755,6.997724063259687,43.16033825511876,81.0,89.91108049692755,49.368105053566175,0.640126791516092,1.6452876760002375,0.5032596327795962,50.0,0.0008994142628672711,1052112.9506684607,63.3778704140973,-0.348407821771735,64.0,52100.62610960192,4.981644504210727,84.88793344078837,0.0,99.87216810342326,
233049.5623897356,94.69308305216443,,441.0,559390.0,42,999,1,112.20007444197356,,106.6658666257351,13452.138855070358,10896.2350528128,3005.6757150553776,1675573200.0,2023.0,2.0,5.0,6.0,58.0,2.0,0.0,3.0,1032.6054964791144,,1124.289785048872,1076.5975963628346,2.9870831732092213,37.3767497117766,12.684101391954147,6.260873879821662,42.969311346363824,99.0,90.40673486109688,78.1791335459199,0.563730594327081,2.5115512949420418,,2.0,0.0008818974684850008,958654.9001550261,23.411261219876078,,74.0,49652.64024798323,5.507353470283218,109.27071227644406,0.0,75.1180480893953,-0.9992027163861975
270318.56651277613,83.33794026139992,100442.0,442.0,559208.0,42,999,1,111.72746796745582,,,7501.3556710961575,,3422.0690409852104,1604030400.0,2020.0,10.0,30.0,4.0,45.0,4.0,0.0,2.0,1063.5782157018584,1071.395436356888,,1117.7876093923874,32.04951632168633,,11.845445872900246,9.952170497362054,40.91524837996257,16.0,104.88105067853824,61.10214465398593,0.22001662366082697,1.6866591236141053,-0.3929029874485339,3.0,0.0008443112993022288,968842.2065110765,12.99673346039285,-0.11887554528701183,55.0,126895.37329560866,4.787859715747478,111.85596059076369,0.0,143.7339868188312,-1.1632123637295717
180527.37435185068,100.0,100443.0,443.0,809993.0,42,999,1,104.84639648978442,,5854.657920910817,28803.645439703425,429.4984009169438,3410.204505792005,1653883200.0,,5.0,30.0,0.0,89.0,4.0,0.0,3.0,1246.4902442072241,1246.5259225478214,1346.7143405416507,1290.0155101279543,36.62926324948607,,7.724327602977999,8.339991624802968,61.172355680359345,12.0,67.72668496917723,,-0.8637775090218666,-0.638676196295386,-3.5901733837847525,50.0,0.0010316015262518603,830889.0758371501,4.240346581932308,0.2051225920392108,29.0,68867.09255906813,9.082922164462001,,0.0,60.739474298861545,-1.1750612813977133
176066.2851005072,87.51125473846295,100444.0,,505795.0,42,999,1,90.61255699980411,,10409.292746352974,41881.60992010177,15029.043350248301,1985.8431399528174,1600401600.0,2020.0,9.0,18.0,4.0,70.0,4.0,0.0,3.0,687.8141658937684,678.8684028369721,763.4320668280968,755.4692591303041,20.428665123613214,68.77159722250379,7.354632403551067,9.286685321582242,,57.0,901.2632829002813,26.657192629986653,-0.5967243395119375,-0.8469649264279823,,100.0,0.0011403987684970882,948872.621581608,12.164236155078967,-0.2862422326259164,46.0,32847.70788853007,5.371766122887279,94.876118669469,0.0,87.4643841464711,-0.798121157114608
184328.35358635942,55.521209125373545,100445.0,445.0,729779.0,42,999,1,122.27671280046624,,91678.82647522463,28236.757092503973,769.1300237526664,452.6071728289168,1585195200.0,2020.0,,26.0,3.0,74.0,4.0,1.0,3.0,1336.4544901728846,,1470.3812711112166,1369.9828637075586,11.332474025260339,52.39845324546861,,8.84677410822526,30.692222659636247,76.0,90.50925109184249,54.86554543001464,1.2296873075848271,6.270369507994665,0.4735918043639479,2.0,0.0009378721097572345,1069958.7233688156,70.75670889725713,0.798099693972466,34.0,42951.48539409935,3.5962711722309786,82.69829004596616,0.0,,-1.0082949362585638
131257.68893705614,91.73258223695139,100446.0,446.0,547617.0,42,999,1,126.21429088285458,,12924.369921425558,8995.88798519688,3461.5930267133795,4202.206784494388,,2021.0,9.0,,3.0,54.0,,0.0,3.0,601.6004048110391,606.20836944093,707.3341125801136,629.7268121061657,-3.7027080459233375,25.335125517337993,8.555975752893282,8.424942959486092,46.24078447866641,56.0,127.62515855058544,67.8144542744704,-1.3382026695289346,,-7.956553983354007,100.0,0.000841776777591043,993194.8215847837,48.832762165510324,0.7465612348600754,23.0,93824.14365815626,5.918240621973952,96.2548882322935,0.0,102.60517564164934,-0.8490323666037791
234177.35802454615,,100447.0,447.0,853864.0,42,999,1,100.78288443474585,,111373.5638339693,2302.2902289802414,348.78896057215945,2172.495894067826,1642309200.0,2022.0,1.0,16.0,,99.0,1.0,1.0,3.0,1190.022793716512,1186.8407900398977,1335.314562116111,1222.83805070202,24.810019850946546,76.65803573170379,10.373203861257682,7.545582495352523,55.09835950229092,26.0,123.53393741508637,61.25990203670144,0.6514717690247495,2.5220289562811447,-0.6488885838863333,1.0,0.0011337348312876964,1004417.2581207118,6.641493121188247,0.9866314044094853,58.0,103376.47054136016,4.143848514131356,115.251077926802,0.0,78.70877113544024,-0.9547635615471082
266192.79415236256,100.0,100448.0,448.0,747544.0,42,999,1,91.30893153103001,,27757.00520852507,1744.0932600883268,25840.356777486097,3765.291899439502,1584849600.0,2020.0,3.0,22.0,6.0,8.0,6.0,0.0,3.0,,894.5583777297261,979.9292898916568,933.4151471011016,17.609125957874795,63.69642672417463,11.69477807432216,7.728448306529835,41.205967085159536,,133.28076269700807,,0.3628683487845499,1.819702452293376,-0.8021569308946674,100.0,0.0008229885511484062,964684.3746581436,23.348835216587226,,71.0,114221.6077484361,7.825219534149511,,0.0,142.4397973158768,-0.930299740941368
,41.04904481204507,,,840288.0,42,999,1,98.54333026281664,,6711.294990794427,7511.71516025435,854.7019643214442,4493.265647181341,1641099600.0,2022.0,1.0,,6.0,77.0,7.0,1.0,4.0,801.7294675080846,817.874410946256,882.1685717174084,,30.252359828543938,86.4542476913791,,8.529304354992352,48.00845048846266,,125.38623154446067,32.88814377487313,,0.27226039311727507,0.2702495320012758,100.0,0.0010677649767697522,926103.2635159303,49.45277336904965,0.023026378401063363,72.0,22310.950728185802,1.9293812735618316,95.20408353258223,0.0,104.77359722332758,
204542.17118167557,,100450.0,450.0,875005.0,42,999,1,111.85701380042141,,40227.46947034248,1390.0198643433953,,3469.5645541835815,1615006800.0,2021.0,3.0,6.0,5.0,6.0,4.0,0.0,3.0,640.5222514451671,654.7508777897127,720.5754258984529,687.3230106792774,12.75937038381267,54.9668666908628,8.239719667065541,7.962798445079129,60.850927852606944,73.0,99.48768029174431,67.37787514394768,-0.27476308077744843,-0.764202759004665,0.306653581830177,2.0,0.0010026820868340176,1045972.4970777944,95.26429005365048,0.04432361895775361,65.0,,2.2610809121873627,79.33153034890354,0.0,121.69654777335796,-0.8163207622349534
154086.25258741205,85.89557041438323,100451.0,451.0,570496.0,42,999,1,138.10599269476307,,28704.91455172155,10692.608311375581,,6034.245091904531,1698465600.0,2023.0,10.0,28.0,5.0,60.0,4.0,0.0,4.0,879.6408571971162,889.8052809631182,,953.1009589903384,29.691223269662736,85.44420188539291,,8.786350944343424,57.05572878353547,,1129.6605335107315,60.81109611961956,2.057510982282551,13.868879082742263,3.4289473214609005,2.0,0.0010571121853408362,1109033.5704133909,,,19.0,61796.88696039243,4.560386845498658,91.38965671508471,0.0,66.09673405934078,-0.9696432967731926
,55.52635155086641,100452.0,452.0,530128.0,42,999,1,86.46943755934716,,19770.626875392652,94562.65335821718,9596.839745823347,,1622001600.0,2021.0,5.0,26.0,2.0,22.0,,0.0,,993.906692507204,981.4390372049284,1116.8331853822156,1033.132727461557,,,8.344105973615239,9.358384095680226,49.98282679270197,34.0,100.15554338541811,58.02370144920403,-0.34393946823731286,-0.5720181040459562,,100.0,0.0008444997440317986,1016681.8910865134,25.748110415100157,0.5657501348112075,69.0,,2.9426568154986534,99.60874641039446,0.0,82.76409398044983,-1.003230192931796
153431.10237190907,73.92030018656487,100453.0,453.0,806392.0,42,999,1,130.7317404396048,,21490.50918647562,10120.18001889433,3241.5477081574213,4530.712327472474,1695787200.0,2023.0,9.0,27.0,2.0,,6.0,0.0,3.0,1405.2590850333454,,1566.0039503529067,1460.1201141951017,-16.771776823767752,1.8108017172180446,9.023122743667143,7.536141558243116,59.93198337945673,84.0,75.29768314753969,,-1.3706982191380148,-0.5207995808580352,-7.030055023577912,99.0,0.000975155226694149,,3.723972578179102,0.38120260017985697,42.0,42090.553944774394,4.537864444642239,92.4771306068807,1.0,,-0.9234089055853767
154515.5226210498,83.35999438989565,100454.0,454.0,794422.0,42,999,1,86.06939559955113,,25185.335831400716,11029.42261751969,1111.4907320445643,2033.6329869554474,1595995200.0,2020.0,7.0,29.0,2.0,32.0,4.0,1.0,4.0,1032.024165472032,1006.8111523479268,1157.4662377087916,1080.5039898218242,18.462242450275735,65.23203641049632,8.991664608406673,,49.65034690975217,94.0,101.05658682687726,57.59951943079726,-0.20092964721683215,0.1911916021944493,-0.1343022793373835,100.0,0.0010502055894288773,977590.6347321216,34.00224204617071,0.6614410341049901,,32322.00289270596,,104.92438189931869,0.0,104.94977964472058,-0.8357605640291866
267189.5809247559,100.0,,,996941.0,42,999,1,111.55096472016633,,11847.468207047019,534176.5284501165,181.2683444296479,6340.873658101237,,2021.0,12.0,25.0,5.0,41.0,1.0,0.0,4.0,1111.5742331360386,1114.0211945671595,1239.796088212956,,31.536845060840548,,10.596547254399576,10.368408346307003,67.37276638766551,6.0,48.724684127021085,73.27857243211191,0.540062902314861,1.918697546344559,-0.7169310568004218,2.0,0.0009548982784282529,1170848.1721400518,58.70150868786704,0.809691522192036,58.0,77533.89027500768,8.685417172672055,110.41125243460422,0.0,101.93627070515954,-0.9034737810231546
170965.08403234096,100.0,100456.0,456.0,950058.0,42,999,1,77.6223026776446,,32909.34640023461,68853.74754340622,347074.44351503317,900.7929406043852,1676869200.0,2023.0,2.0,20.0,,77.0,6.0,0.0,3.0,812.4107367867375,825.5045420357446,900.8296758613417,879.5665535875011,12.518857077704764,,,8.720805648838777,54.29653382337438,87.0,86.28099931857334,53.153765079245545,-0.1406143537096909,,1.24929137187663,2.0,0.0010473118258883807,757042.2104041608,52.82478973598093,-0.6827101501977499,22.0,79429.35580184351,6.25260377931253,104.32401249714002,0.0,94.26181317690133,-0.9307350321593066
146482.5223283778,,100457.0,457.0,779731.0,42,999,1,80.28910237806467,,9711.210651266358,3813563.640763676,531.7976771638832,2217.008023828397,1649736000.0,2022.0,4.0,12.0,1.0,37.0,3.0,1.0,1.0,1129.4147641282207,1121.1894104836629,1252.2188855753168,1178.3880013509563,9.74997087627968,49.54994757730342,,6.358564468196892,49.44885361543456,13.0,130.17660286255943,26.65294242419732,0.08494592686128902,0.022409874547796083,1.991044310273704,100.0,0.0009168188236607517,1062628.847883812,16.70545291710225,-0.9246098966251222,33.0,,8.212870994721698,134.16974541865366,1.0,93.5964780359604,-0.7987999353130139
,,100458.0,,662464.0,42,999,1,106.53216629255091,,61454.40754350456,2921.776514949807,1353.7704806636154,1576.8671662581717,1687665600.0,2023.0,,25.0,6.0,80.0,4.0,0.0,2.0,652.2241412762953,643.4919832463781,701.6072916047381,681.3759081305707,20.101979762445506,68.18356357240191,7.030910572935816,8.466780830437546,49.310147801066556,,76.70739587271044,66.68399857302612,-0.4975480118950404,-1.8821816865170584,-0.82744031509618,3.0,0.001065364523386957,1013053.4712376759,65.69210249643082,-0.336294194078536,77.0,45710.60615123807,1.6353505796950394,100.71600425708355,1.0,75.42973016842181,-1.0355145246685888
250673.23413879736,60.035428530435695,,459.0,,42,999,1,93.33374969496722,,16712.206469088615,52773.97846371676,2362.6963402644515,3627.0797765525817,1605157200.0,2020.0,11.0,12.0,3.0,57.0,5.0,0.0,3.0,,896.7306922871521,972.2114004146349,,38.26313277078475,100.87363898741255,12.655123271161091,9.077427313634491,64.51080326207426,36.0,,62.407497381839924,-0.5389421179052273,,-0.07382484265139011,2.0,0.0011096481132279925,858922.3005614842,,0.3928163084457772,44.0,54989.06916008709,3.7896849259318115,,0.0,113.43093732258592,-0.930499284214993
,56.8576983262828,100460.0,460.0,634161.0,42,999,1,128.51503518412497,,,3997.642130200588,75850.42452409367,2399.5045759841964,1619668800.0,2021.0,4.0,29.0,3.0,98.0,7.0,0.0,2.0,,1224.4381599326632,1336.9722813387634,1254.4573541285,,58.91721720388266,14.696467745596795,9.749186387436387,57.31393681290424,26.0,126.22418866378126,58.46752318090355,-0.1948291159604488,-0.7326826150371564,-0.3961827538383402,25.0,,1127338.8353280805,38.364591963638226,-0.5983879148054074,19.0,58846.147310994245,2.819039378305195,85.75187311093319,0.0,80.57066610612094,-0.9418844211779548
254939.93813155763,100.0,100461.0,461.0,760985.0,42,999,1,63.19458203113245,,13318.621708464889,2251636.4663640056,20611.43415606214,702.8960834163005,1606539600.0,2020.0,11.0,28.0,5.0,96.0,1.0,0.0,3.0,,1079.6427341878527,1163.7137718203844,1122.5889137938361,0.4063282485477018,,11.996501871728372,7.742862024333796,43.50681616098363,71.0,,68.12422128526666,0.4086838328286528,1.6246886326668621,-1.3237344553465629,100.0,0.0007771292230685033,897808.1911895197,37.65647183583165,0.33882660212880844,72.0,60367.00583491115,6.798421054034344,94.41466834436433,0.0,65.83683110551303,-0.9038031861735389
254454.74519928757,65.19377347354387,100462.0,462.0,718263.0,42,999,1,94.8010848274077,,27536.00594477277,5140.937902374517,4302.4049574225,2355.115248148113,1609131600.0,2020.0,12.0,28.0,0.0,,1.0,0.0,3.0,,1115.859555869566,1209.2749081237735,1168.073243444582,30.744075247796303,87.33933544603335,9.090609058378975,,43.90225900521398,64.0,81.08993493145152,62.36248795646848,-0.5006220250111224,-1.241089526705344,-3.876258073350721,100.0,0.0010079779594721592,1003238.7441837305,40.445225127666404,,,45955.131619253494,4.395960651385066,81.89375967311817,0.0,87.84975611048901,-0.9046442082553704
160678.48201812964,73.83382124664303,100463.0,463.0,551657.0,42,999,1,108.0739593426111,,,8915.565886685972,2583.4307809749675,2032.484876972222,,2022.0,4.0,24.0,6.0,11.0,7.0,0.0,2.0,1162.4502880124492,1169.8474920485573,1253.6288388588894,1199.2256702361954,21.065816574708272,,7.748520302670732,7.895161090601342,,58.0,90.27171901614548,49.571095888208696,,0.9910662983311159,0.5687059569598051,2.0,0.0008960479733218143,1025058.8229304166,,-0.29409505908339084,31.0,58562.77233751958,3.8473161612508053,102.63332575746725,0.0,93.67996794245191,
,67.75195435158264,100464.0,464.0,853394.0,42,999,1,112.08350678638381,,61202.62364497281,43872.57115223894,65228.01409799074,3147.9690374388133,1582174800.0,2020.0,2.0,20.0,3.0,33.0,4.0,0.0,4.0,,783.389790039438,889.9824186620575,841.5659164067725,14.364406239759758,57.85593123156757,8.117070760048115,,45.1673802081367,58.0,111.51641890199649,42.2302139129212,0.3966666948602949,1.5421698324498765,0.8390675258793692,3.0,0.0010651703807140502,,9.618240615294049,-0.699283512719816,22.0,33597.27777675211,4.674333695390226,78.17705820321315,0.0,42.86043342923597,
234895.02045744917,76.15037535764745,100465.0,465.0,574023.0,42,999,1,87.7361426915366,,16011.678312062973,1108716.1990237965,,,1609563600.0,2021.0,1.0,2.0,5.0,80.0,5.0,0.0,,,901.3035020675092,992.5723016208898,928.1290135248558,15.560758413323558,,9.369746388292613,8.8854961273793,57.90236256001361,6.0,69.11833694777094,62.20426068080462,-0.15895285607144613,-0.3802821892520672,0.29255645877342973,2.0,0.0010809478717805161,1209879.9238611294,70.60414638335531,-0.804889214904686,56.0,71872.66793709394,4.7434730232936335,93.90057122306808,0.0,,-0.8177859491823113
185867.86126914312,77.21176660075426,100466.0,466.0,,42,999,1,80.06919638557139,,17216.21660560219,21657.53389517911,5095.371929531266,4668.592605611121,1636606800.0,2021.0,11.0,11.0,3.0,2.0,5.0,,2.0,1042.7150575812125,1038.7182574736614,1113.5299069284024,1110.0527198039288,19.708008862459497,67.4744159524271,7.927586299687151,10.151903019502166,33.99991600262993,76.0,815.5095365835424,41.14580652920404,0.08422151172988818,0.14002063168154932,0.5786563199404745,1.0,0.0011544850590882111,1133576.2655991185,36.05727102208323,0.12802441649480945,29.0,89617.6487081257,5.116171551773997,79.45708118586043,0.0,128.28814451330484,-0.8517805813360781
,100.0,100467.0,467.0,931720.0,42,999,1,115.52490830277992,,,6706.870806855365,2031767.2555204015,7979.725209750696,,2022.0,,,5.0,63.0,,1.0,,986.0890627753539,,1075.8432752491178,1031.3696885551988,4.768967586460061,40.58414165562811,10.479196971953925,7.802766659948219,37.00007124078536,,146.64513251064437,60.60305155431293,0.9374208874922964,3.5820881197584775,0.9003280640846928,,0.000964581255502628,799978.3897435311,84.97603009865749,-0.9630315618096346,,145664.95351506962,8.272308509225054,71.84050633985132,0.0,101.4968141471928,-0.6056116724944918
,92.63756392721669,100468.0,468.0,624597.0,42,999,1,128.90745957958293,,24187.498200688264,181989.90898389876,13078.10490931343,,1696305600.0,2023.0,10.0,3.0,1.0,29.0,3.0,0.0,4.0,1132.6768953679082,,1238.3808588370669,1188.6183155174565,,49.3310640533864,10.148202400296476,8.809958459519049,43.736491820309865,93.0,115.45002335752079,63.21125996662637,-0.32765336482236734,-0.8268073814469772,-1.9969480102943704,50.0,0.0008963333250394168,1093569.9728375953,72.08330728620805,-0.419522050422392,47.0,,5.474566978877948,101.70778849386916,0.0,113.18688525441983,-0.5409932633548752
226297.91565462266,77.71441024039856,100469.0,469.0,842949.0,42,999,1,75.10683665395183,,62080.96297534713,37625.91763001828,,926.7155544545578,,2021.0,5.0,23.0,6.0,50.0,,0.0,3.0,799.1548246847859,789.6000547354005,921.3915987010321,859.6412545547598,12.280967943540192,54.10574229837235,,7.121732833367245,47.746739243807745,34.0,,53.65389457448477,-1.1871478952400245,-0.5018834250131924,-5.9134814900758155,10.0,0.0010244957513653634,889333.6152910416,51.74349451300101,0.447687305417076,71.0,39370.80779822538,4.909058507255505,90.97386976798572,0.0,117.0667730558641,-0.7311810633246439
250976.6526872931,69.48823523978137,100470.0,470.0,531398.0,42,999,1,78.42364688062575,,,331564.9379319419,257.93687998889993,3217.6250360282284,1625025600.0,2021.0,,30.0,2.0,99.0,6.0,,3.0,1328.534480802447,1319.6549552254248,1444.83281342775,1363.5814393367734,13.322584085809918,55.980651354457855,7.054865876877146,7.158170502062996,48.28564801795874,55.0,116.62892610063474,60.625788633995356,-1.601425934477839,0.04297271270499309,-10.031606989353882,10.0,0.001016602451401487,,60.802881067358385,-0.4420508704100756,74.0,143719.2709389893,4.21533925786127,85.05109617375443,0.0,87.97527321580064,-0.7852743403077038
249978.6652525353,68.86337394949848,,471.0,797060.0,42,999,1,80.94993611233926,,66646.47676593016,961.9110331837317,3269.0840468985334,3381.7838786020975,1606021200.0,2020.0,11.0,22.0,6.0,26.0,1.0,1.0,3.0,925.527997104718,922.670983983943,990.2141940653357,973.2763036728423,35.571608081479454,96.02889454666301,8.215466843349436,9.029739014828701,54.993153849360766,53.0,110.5026803416294,40.3687740884971,,,-6.635164555663818,1.0,0.0008780394113979013,1091934.1832647845,86.36322682638244,-0.760222480754914,74.0,63259.71196228985,4.159327449362635,79.45340420668268,0.0,93.22058828742391,-0.3838208915259819
218375.538450484,56.12325771310748,100472.0,472.0,966815.0,42,999,1,85.21409283510492,,3211.842860260045,37631.59646466648,177161.72007866224,4484.938707867446,1701925200.0,2023.0,12.0,7.0,3.0,1.0,6.0,0.0,4.0,882.6082427062385,,957.3933349797015,,14.432723847344553,57.9789029252202,9.712047962228047,9.867946157405406,43.55567773346874,24.0,110.03019484062516,46.96268782155713,0.21903668045864663,0.7828660838738223,1.3112167206084684,2.0,0.001190845051856111,1248959.7586966613,31.145244027704276,0.049196372332271476,47.0,75401.77301956982,3.09795402108928,95.20776612040937,0.0,96.08047570205945,-0.6076344800105303
180734.29949306138,83.41065576015718,100473.0,473.0,944559.0,42,999,1,58.44401392725052,,88769.69047907705,393580.6362737335,2343.075208338358,4799.670029075751,1596945600.0,2020.0,,9.0,6.0,73.0,6.0,0.0,2.0,1276.9121508415021,1273.487660510209,1412.0307152720643,1326.8942972987818,27.49260045237964,81.48668081428335,7.954777567907817,6.5273309294966,39.844053633044695,73.0,70.16476974796244,-107.8634963860979,-0.23542824685341418,-1.390516647293187,-0.15385167847979153,50.0,0.001043310120505652,926903.4656352219,47.02236327710796,-0.7403317816392221,45.0,67350.3645943114,4.394708082091141,120.99560116727928,0.0,100.1891698615432,-0.5744965242783939
161645.24877107766,81.89676537551371,100474.0,474.0,946995.0,42,999,1,69.52735906991492,,5156.748087789506,27474.74364691616,2874.975109013706,3243.792997987817,1645506000.0,2022.0,2.0,22.0,1.0,44.0,5.0,0.0,4.0,952.8204555195256,942.921263280513,1026.585037475131,1003.2895576704224,17.996076545650247,64.39293778217045,7.445099582952381,6.98116562307495,42.47476723589782,,75.86480229891504,52.57235246728402,2.3108399949534317,17.398787043956432,2.894202027588574,2.0,0.0009777154488167543,1167509.4876029198,,0.6647768066777808,38.0,69875.36375214867,5.1667150385139005,98.9403723277804,0.0,115.99556831141145,
,100.0,100475.0,475.0,818895.0,42,999,1,107.86164454875167,,20629.418645630747,56174.08747941014,,8586.388408480618,1584676800.0,2020.0,3.0,20.0,4.0,24.0,5.0,0.0,3.0,920.8382896277282,935.5428245242721,1007.6287200607841,977.6019957803898,,51.463570257074295,9.381192385538172,5.510930584776196,54.650785323444275,80.0,,,-0.9996246199543833,-0.408408513076871,-5.6627023789329956,100.0,0.0009910337697342393,1035135.1631433854,,0.6146390944798326,,48220.71582923892,6.843938515948716,93.44275619371851,0.0,125.04989258273123,-0.5049432157021281
175442.948245531,77.6344656284379,,476.0,946697.0,42,999,1,112.78220515737954,63.65180750837573,39005.9822959407,3238.510261878964,,964.3469784914288,1661054400.0,2022.0,8.0,21.0,6.0,48.0,1.0,,3.0,,1004.8491973850673,1080.7326192593252,1049.2499033933757,,59.085403592378974,8.468482642118161,6.636624985730462,45.20440666914498,5.0,78.52251792194558,42.275811350355326,1.3523188076440007,8.520464301707896,,100.0,0.000915185019068372,1052542.4082224218,,-0.9846922676910648,38.0,86151.97007502742,,118.45030144879316,0.0,93.05567089370912,-0.4486278012760207
194659.41369267536,100.0,100477.0,477.0,769253.0,42,999,1,69.51266258311487,52.99795044868331,14147.531376298011,12019.711700078204,18.131557846366995,5598.906268372707,1617163200.0,2021.0,3.0,,2.0,51.0,4.0,0.0,3.0,920.520941540166,935.9234868870715,1016.4900729843706,958.8814854178248,21.44003614362074,70.59206505851733,13.031838395238829,6.852062168640854,57.933028152315636,14.0,110.03240016624486,67.90583275292309,-0.1782126209049537,-0.9603343738154253,1.3906918190388962,100.0,0.0010532974541930223,923848.3443761996,97.92636324226372,0.18090639899392924,28.0,63966.733518059926,6.822461650869074,100.97833166708784,0.0,101.64992311382848,-0.4142573474497183
207671.64899463608,100.0,100478.0,478.0,,42,999,1,83.358156935638,50.637047265932814,25447.40658676163,389876.63193860627,101.45730817605214,2116.171128617751,1613106000.0,2021.0,2.0,12.0,4.0,45.0,7.0,1.0,3.0,860.1546856361076,863.0992358493294,,,31.70559016110886,89.07006228999595,10.796063776801397,6.852669537458233,77.12378980982854,93.0,81.59167435549978,45.96058508909634,,1.2152423674251391,0.5055341359968635,2.0,0.0009557842271475082,1054264.3645979823,,-0.2668768034027327,48.0,50257.11874540283,,110.6113748126918,,75.79975805338694,-0.5550477158098472
138207.28217432564,100.0,100479.0,479.0,727652.0,42,999,1,89.42520796923519,43.66401166278402,13958.240287700251,,528467.5543864764,428.3035999496281,1659240000.0,2022.0,7.0,31.0,6.0,37.0,,1.0,1.0,1126.361704625132,1133.5390989398618,1220.4780361206917,1191.338907021755,13.825442795665555,56.885797032198,7.975720118606391,9.070846613982853,50.37243323158635,,125.02521800878434,50.99194915780148,-1.7672571692998287,0.27352905009453155,,50.0,,811030.7453156551,73.46608344547514,-0.2480066519928097,27.0,35034.34908301696,7.307559141769707,84.44180993593264,0.0,136.94106807441204,-0.42896586354167915
244406.6720127703,82.63161240362983,,480.0,961336.0,42,999,1,77.88411299480966,49.738265461303975,25517.304525475338,,,3465.96755172998,,2021.0,12.0,17.0,4.0,14.0,6.0,0.0,3.0,776.0770460581921,,840.5173152068743,,5.747237001266647,42.345026602279965,8.796449625133624,9.162774060880682,,30.0,74.503330042703,42.157007851688135,-0.6609063044274244,-1.1389295585545671,,1.0,0.0009004059472240606,1128033.3835954217,49.707001873319214,-0.5364685063483943,73.0,26957.168604036193,4.046263580564917,113.94506996917458,0.0,116.96122472090588,-0.4116960575860108
169051.0685312988,93.117800484768,100481.0,481.0,638225.0,42,999,1,104.48329301999276,49.42936800509345,98415.51341992569,27290.811537623442,3458.0850175424025,4411.688019913122,1631851200.0,2021.0,9.0,17.0,4.0,51.0,3.0,0.0,2.0,,1145.0464122850558,1257.675827084168,1204.0791335106921,23.49803438356881,74.29646189042386,8.376925902363142,8.974860270461647,56.96886762264915,,96.96331607340346,43.04410491283777,-0.5626079412649857,-1.3809780845342952,-1.8708339907565907,1.0,0.0010177528803783748,994442.614019402,60.87562962463132,0.382650885465325,20.0,168741.55476889238,5.371068218462506,91.63954342749882,0.0,108.95789591440482,-0.3997990393671138
200520.39646888516,85.64578984324818,100482.0,482.0,579812.0,42,999,1,125.2685798535521,36.65306989015386,31383.527028721943,6987.937901679566,6375.439977155302,2672.6051969668183,1618113600.0,2021.0,4.0,11.0,6.0,23.0,4.0,0.0,4.0,972.3271584554576,,1097.2376739392503,1040.6206389991376,,,10.938781772709028,7.800323821412105,53.85470474489968,33.0,104.17004033392683,42.72159389738385,2.5663993095493196,20.495017435778433,7.274602790235189,50.0,0.0008959453144651557,877471.2197603727,51.86424832284029,0.2512680679176649,46.0,74498.69236822704,5.132219772653084,,0.0,104.5608837297584,-0.4460833266491854
259050.6174629123,100.0,100483.0,483.0,539581.0,42,999,1,95.43774357577502,37.961993886754556,233536.11273697615,64373.43189917626,4235.656483701955,4078.5382675111837,1617249600.0,2021.0,4.0,1.0,3.0,28.0,3.0,0.0,3.0,,934.675496216637,1042.0561733383345,1029.969757591745,,66.47003913066393,9.721615196348411,9.693542911680726,43.38536520083206,27.0,99.49155976858346,49.70399007265796,-1.7554541403583108,1.1031219637734422,-14.197586939428747,10.0,0.0009841904941364794,,90.92116626916199,0.5658510476725118,78.0,,7.949221679514313,108.59798888263016,,118.44546465552406,-0.3768371754885622
169800.69889001685,72.48383842206454,100484.0,484.0,951978.0,42,999,1,66.8000106662162,55.637894227749044,88958.61923988201,20498.293474674072,3209.4111156172326,9801.97695764521,1582002000.0,2020.0,2.0,18.0,1.0,3.0,,,3.0,1135.057456633571,,1268.4525782837547,1181.6022504717257,32.871335044382874,91.16840307988917,10.89506015310821,5.638075931701908,49.082575466628796,,115.62364458683118,,-0.16880015355137945,0.007248664093853274,0.9152307037786218,10.0,0.000986804878605538,1127554.9603075548,77.36827702935898,,32.0,63190.575929143415,4.64943356659541,85.87661063903815,0.0,78.0928803237959,-0.28256541784092726
182529.22639523912,100.0,100485.0,485.0,700719.0,42,999,1,91.69824979781741,58.28199065364013,31108.33952330714,2159.908466904899,484.29296172342816,,1694577600.0,2023.0,9.0,13.0,2.0,11.0,5.0,0.0,2.0,774.1792969105234,772.3245178925015,,826.4348887056863,30.422758259823553,86.7609648676824,10.437843173411553,7.382984506871458,59.81126523508776,55.0,88.84545825786097,49.03847786679825,0.392987718835327,1.9596270767656385,-1.228485706497422,3.0,0.0009212726243351695,1005379.2993693735,25.303846541298082,0.4506024395044137,38.0,91853.71161842268,6.7954315994339805,85.05408802023054,0.0,113.05389980320292,-0.3675234643324994
134052.67393554843,65.83146396971277,100486.0,486.0,778259.0,42,999,1,78.72761850563352,35.96306848062842,2806.2100769403733,1612670.8212947783,6152.713720286456,3658.7424204848057,1611982800.0,2021.0,,30.0,5.0,88.0,2.0,1.0,3.0,1249.1989318396438,1263.926477527537,1347.0403079557211,1307.2245858958324,29.975476645474476,,6.757646778969454,6.419527418570588,50.985279725742835,15.0,65.98872874043258,37.38854820060279,-2.985922790249423,8.922242531314073,-46.55801091559594,10.0,0.00102331239573057,1083786.2595573952,87.5681043208973,0.9698996576622267,31.0,70250.58846551675,3.757625705867293,97.22501278014494,0.0,132.22056303270065,-0.31507514457608776
216858.14264199507,83.21589518095413,100487.0,487.0,,42,999,1,123.91695922087732,39.18683147929599,91619.17676776445,2149.804852652366,,5211.049878575884,1648353600.0,2022.0,,27.0,6.0,26.0,2.0,1.0,2.0,1085.7720222207943,1082.504455109432,1194.0012645794307,1151.4835454791198,15.346498889207233,59.623698000573015,11.773461964400328,7.225706749860256,39.5877270128364,,123.62750401326623,45.26265400481184,0.5729402754616885,1.9821599514778216,1.265540628063026,10.0,0.0009748280876441849,994457.543217159,39.81203553342879,0.2292527301723375,53.0,50425.401065213075,4.900972371294756,97.79172668041892,0.0,120.76063676886965,-0.34936711269523396
,100.0,100488.0,,634421.0,42,999,1,64.59143367741746,46.12287422436738,174752.19157201142,90585.81902380497,317.56609325485675,2169.0706597051603,1635912000.0,2021.0,11.0,3.0,2.0,41.0,6.0,0.0,1.0,878.7571496619663,868.7325198028872,976.3446823017538,929.0153186041014,24.93312429212138,,9.633170646446965,9.550936813703114,,71.0,100.5814532312527,60.78946263802674,2.134201974604738,15.510529434691948,3.691557503846221,1.0,0.0010443630621746617,1097144.2113139154,,-0.07148098730080887,27.0,56832.62437094809,6.793706388789793,116.88598033984557,0.0,120.80433566588425,-0.3596623398879662
143970.51489767228,73.270391751995,100489.0,489.0,699351.0,42,999,1,120.53358245896516,45.1658599206648,13582.311172867554,28964.428016502476,5465.376841848287,755.829446522632,1627099200.0,2021.0,7.0,24.0,5.0,92.0,5.0,0.0,2.0,996.8026258890836,999.7533679842849,1062.2780089005412,1062.8365299034058,31.837577838199188,89.30764010875853,7.399910908025806,5.535696359514986,57.35053498184253,60.0,125.1134857145217,43.0639483710111,0.4475520355005414,1.199143987737862,,2.0,0.0010563026948640917,838575.3589785704,71.04033989937552,0.4698185320407817,39.0,54884.751236692675,2.3072925783973357,131.01214844097314,0.0,98.5478931468934,-0.1540235073910578
260745.38823053247,54.87675489617046,100490.0,490.0,581153.0,42,999,1,125.35883832840855,31.517796480069403,16055.591967969001,28275.565760751866,532.998691077309,3504.418462522274,1590120000.0,2020.0,5.0,22.0,4.0,,5.0,0.0,2.0,1212.7698368566346,1199.485688943641,1318.761522253011,1269.4401123432458,,87.63746505115869,7.207720642061862,9.207250483529695,47.15968515900716,24.0,79.4502328413658,41.35975068636113,0.8139755132522659,4.437654615706339,0.7169255414731234,1.0,,1060283.5234736167,64.28397093346149,0.8442874225590637,75.0,81527.66818042553,3.0189857615643674,89.93350944909713,0.0,,-0.2081862539445395
150882.32760430966,93.13732420469192,100491.0,491.0,588884.0,42,999,1,116.98919931389341,53.84470760702346,125658.68771896424,111226.22725606966,1154.8163215635711,,1627185600.0,2021.0,7.0,25.0,6.0,36.0,3.0,0.0,2.0,1091.5000265958465,1074.4924657718072,1198.4920221704037,1136.422442224448,28.470278436073585,83.24650118493246,7.700443118303829,4.206889899961404,60.892255360948866,23.0,99.95417220115792,53.25392445123123,0.8576641231464351,4.137063121435146,1.411575285908341,99.0,0.0010823136907909046,1128367.3440415063,22.609402558182666,0.5150209102895862,39.0,29499.587686096056,4.872596321860712,125.56537103128471,0.0,79.60603734298985,
206630.21085599283,70.13303681025816,100492.0,492.0,566868.0,42,999,1,118.78159047434836,59.99804429813835,22108.477235854727,2881084.946425464,1820.2435686912954,1428.7309394846611,,2021.0,12.0,20.0,0.0,62.0,,0.0,3.0,1275.0344277835475,1271.513896611908,1358.0175079075007,1313.35842226071,14.163039990554148,57.49347198299747,13.38304200874976,8.238045445801372,62.17677971314074,64.0,93.28730987102715,63.28070159330658,,-1.0951504347642764,-2.6901573144751785,50.0,,1035519.0717992029,47.49096098086807,0.9077888768460571,41.0,45191.691029826135,4.397261858474424,79.52172244413066,0.0,111.75684436690173,-0.08381532846475688
193973.98309284475,99.69195900327496,100493.0,493.0,534055.0,42,999,1,89.90670441556868,64.85012409886718,41999.291961409326,10167.168347747716,2050.0890247952657,,1691294400.0,2023.0,8.0,6.0,6.0,28.0,6.0,0.0,4.0,1268.3394917766523,1274.582564033428,1394.0900310796553,1336.7841624316827,40.17171006941078,104.3090781249394,10.366331069827865,9.690690998615057,49.83217839213145,86.0,102.01885295686098,,-1.5287913664890629,0.7404174968054437,,2.0,0.0008813779431605818,1082612.2078310174,15.683079395950461,0.5694924421749707,20.0,71290.33365186185,5.0595365695545,127.29666622870987,0.0,89.1066959367138,-0.18654871588723276
292527.01861008507,80.41935626865549,100494.0,494.0,971642.0,42,999,1,120.77306776480106,42.5342613271455,235448.4314524451,4444.545281813044,547.1922928862467,3743.765250924746,1667970000.0,2022.0,11.0,9.0,2.0,51.0,2.0,0.0,,1107.4165140818832,1115.6111165270343,1215.2440828484202,1144.5433009020612,33.0400764741718,91.47213765350924,11.31210323614465,8.493371942455541,39.005452335712036,41.0,102.21938341362363,61.02303876901415,0.053764930732766426,-0.45826929055246945,,50.0,0.0010094596318498152,898098.7497696214,87.77884506725437,0.5827998120666487,76.0,41816.35933158224,,123.34642675987004,0.0,78.02154792112701,-0.2305801903563609
,100.0,100495.0,495.0,907705.0,42,999,1,77.89554225015823,47.06080845213338,23217.63362592707,5003.960838297196,,3144.697210917238,1648526400.0,2022.0,3.0,29.0,1.0,63.0,2.0,0.0,3.0,969.1389254641391,969.2327748441475,1037.912454440461,1009.5277157019151,0.16031969711866978,32.2885754548136,12.997676822974206,8.6970876388772,37.05170417568375,,82.91316915729567,34.92860528568865,1.5508900223276105,9.953506579060642,1.0565354557253221,99.0,0.000978605560567904,1107727.9233228606,37.66164202512231,0.15038188996402124,63.0,64286.59597096452,8.354884033384177,84.59229467230209,0.0,100.25959319713846,-0.06650602836950842
221733.8573726165,99.3224583053658,100496.0,496.0,985125.0,42,999,0,93.51367342280045,60.14769913590417,151888.95908320035,4146413.6397156357,,5590.792982446469,,2023.0,10.0,23.0,0.0,54.0,1.0,,4.0,1112.0774180220658,1107.6706017947156,1210.4934811857222,1181.4587028963142,14.85996624102032,58.747939233836576,12.169631920122221,8.440657105827555,54.6057151382611,26.0,137.8340592036153,,1.7066944418470187,10.110596796440534,0.9929055653724337,10.0,0.0011249613905446607,1015797.9276028223,22.737121524779436,-0.7504436748364423,43.0,105721.77349435128,6.480632575452662,96.06509152713201,0.0,,-0.19405785652909666
175062.59459619175,100.0,100497.0,,,42,999,0,77.71429258140205,30.803913679642807,4025.4200633692712,6215.774543536892,2461.470024478675,2729.542172139458,1672722000.0,2023.0,1.0,3.0,1.0,72.0,,0.0,2.0,1014.2090718622196,,1115.0258199493285,1078.8323897431505,12.3411781486476,54.21412066756568,,8.847661591665547,67.67149541031465,29.0,120.06386665290609,-119.00719820117615,-0.26607795546893054,-0.5280289659483459,-1.6911522196595143,3.0,0.0010438134407947453,,5.299084300333434,0.3183837346960685,57.0,50162.52552918501,9.374391296004706,95.8253660142137,0.0,95.63968081794516,-0.07464910961590115
251894.63145123958,67.05965811689022,100498.0,498.0,982941.0,42,999,0,71.61534228393768,40.02582362896783,58178.68735119262,880.7600538831201,7419.438768364591,,1636434000.0,2021.0,,9.0,1.0,42.0,1.0,0.0,3.0,1364.0035395358827,,,1382.8792347883657,11.572699205046415,52.830858569083546,11.835768177632707,8.489643508032842,30.163012501642182,58.0,,48.75520147051002,0.03385973703484611,-0.3134512836307311,-1.3412148398155055,100.0,0.0010113088909127698,1107213.8273336003,54.86609712481615,-0.6910756846773718,52.0,92898.02782436069,,80.0866990742651,,107.51833180448715,-0.053163820766600894
170223.50860724636,96.21947074410363,100499.0,499.0,559433.0,42,999,0,76.66603255439718,32.28391031023972,,3279.156769217442,12602.141162913453,,1582693200.0,,2.0,26.0,2.0,33.0,6.0,,,863.9237808953746,862.1544618403692,944.5546264984587,,24.81149375737794,76.66068876328029,10.692452720254769,7.2429624369936505,61.04615997135964,62.0,88.70342103794388,54.38893798070178,-1.543742216978612,0.43460962031266015,-10.139913913855198,1.0,,860429.384928653,7.495064023820919,-0.8729817037824283,22.0,98509.65803558321,6.480975654378261,89.88283146851663,0.0,115.78438173213807,-0.056033977041839156
191241.54997237978,36.82761666582135,100500.0,500.0,740362.0,42,999,0,126.84473442275828,54.43629598596399,69247.3001050585,4288.527621161811,319.46664530944923,3197.0633180886175,,2020.0,,24.0,,23.0,4.0,0.0,,776.5896834507515,,842.7841607693397,850.9387124997211,32.932374487069524,91.27827407672514,10.289328894113593,7.446549381139048,42.12514549794771,55.0,118.2064073693123,42.88503322542816,-2.227204295786926,3.4662675330580788,,99.0,0.000883394025442125,1035141.371198007,,-0.46299926114952084,,44998.90003344131,0.49200528307820424,100.6464176030965,0.0,103.74951821671026,0.1482210722053208
178706.56518661065,100.0,100324.0,324.0,896500.0,42,999,1,,,41727.65872799183,4760.123074226454,101057.31304210867,1615.9707174251905,1681185600.0,2023.0,4.0,11.0,1.0,18.0,4.0,0.0,2.0,,823.3654102472116,855.9958665294358,870.9567495604266,,,10.3774683401302,4.33187836514246,36.01383567623178,86.0,,51.97833207520579,,-0.48293322387915605,-8.908958895932848,100.0,0.0009549268358634568,1011500.0522505395,75.17590772332194,0.06028818930727975,49.0,82731.88336684907,6.565190583058536,96.08689301644428,0.0,1.0534385958211347,1.0207654398679236
159042.70099203775,98.97114658231385,100103.0,103.0,819877.0,42,999,1,,,,1222508.4864459874,13702.111207119025,2268.885851779293,1583470800.0,2020.0,,6.0,4.0,1.0,5.0,1.0,2.0,951.9185789308477,932.2300572913906,1075.3469827192685,1022.5026512471994,,81.74375669261705,7.888821527357118,5.497030341591458,,,100.34449758079202,64.13646156722774,0.4721702617038515,2.2635446984072494,-0.009016217737655902,99.0,,908388.5968283913,30.343098820035543,0.7290523454328455,37.0,101571.38736099243,5.734685052498413,,0.0,-47.17747379899869,0.30533293154343033
175348.29284722396,74.5657556063431,100272.0,272.0,983160.0,42,999,1,,,7428.514611358352,8557.900999092546,245829.382452502,2187.6453121266986,1597118400.0,2020.0,8.0,11.0,1.0,77.0,1.0,,3.0,1103.938185915878,1101.877388320235,1245.4386826493364,1159.3680931670497,,91.556162832392,9.095348710436205,9.772846426428407,44.94562339900427,32.0,72.70069541496987,,0.35402668645946345,2.244246815216209,0.872517953602436,3.0,0.00110490126658526,1067141.0044072934,90.2657325699912,0.6120466704512051,29.0,29079.722225558246,5.399946764046569,92.79933017429009,1.0,,0.5174774262890498
198708.9441273599,79.96975462145826,100407.0,,919585.0,42,999,1,57.53516878878795,,21684.595929466534,10213.330651407949,708.2708824212569,8460.593311731931,,2021.0,,3.0,4.0,,2.0,1.0,3.0,1023.4310755197936,1052.2820539769727,,1080.367482876344,2.33888029185497,36.209984525338946,9.369241292338595,8.100642387171694,,,93.0252269653219,51.93253035547955,-0.9510855138771648,-0.9223067868828859,-4.6895488926288795,3.0,0.0010483072691642593,897326.8531090518,75.78349548738646,-0.29484879125590613,62.0,82214.50717913042,4.022734145827953,114.0654595903503,0.0,131.8677388589177,-0.8376343720785355
154690.91890956112,85.50925073672192,100141.0,141.0,844834.0,42,999,1,,,20465.049293685362,5316.800625030309,3102.6163400826085,2112.7666455097465,1683345600.0,,5.0,,5.0,69.0,2.0,1.0,2.0,,1178.4960202669395,1266.297670863455,1211.6763845857997,11.513744215713846,52.72473958828492,8.770381189751971,,40.159569601046925,,95.17541130115771,41.598176396960426,-0.008591824790542196,,-0.5764753325116506,50.0,0.0009153911493714825,1234804.46576163,,0.3726490678030292,20.0,86822.50511307873,4.748487873762758,95.58626052210909,0.0,-55.101261282784115,-0.3407240270270966
151010.21210776217,100.0,100327.0,327.0,645225.0,42,999,1,,,45583.37338108685,6970.274563314052,1785.5992021679267,9776.59706294995,,2022.0,12.0,23.0,4.0,64.0,2.0,0.0,3.0,1066.191008836977,1069.5901101013044,1189.8659253954472,1143.4941740268512,25.738318695216435,78.32897365138959,7.667285528223865,8.203651970823758,54.356890468576175,81.0,,59.61462190176468,0.3163405309114323,0.6664483806360569,-0.7184955818719043,50.0,0.0009611917360308135,989816.3457258168,19.29180002492482,-0.46329759631366807,28.0,,6.107051532678146,110.7928279842798,0.0,,
175442.948245531,77.6344656284379,,476.0,946697.0,42,999,1,112.78220515737954,63.65180750837573,39005.9822959407,3238.510261878964,,964.3469784914288,1661054400.0,2022.0,8.0,21.0,6.0,48.0,1.0,,3.0,,1004.8491973850673,1080.7326192593252,1049.2499033933757,,59.085403592378974,8.468482642118161,6.636624985730462,45.20440666914498,5.0,78.52251792194558,42.275811350355326,1.3523188076440007,8.520464301707896,,100.0,0.000915185019068372,1052542.4082224218,,-0.9846922676910648,38.0,86151.97007502742,,118.45030144879316,0.0,93.05567089370912,-0.4486278012760207
272443.3060836835,100.0,100231.0,231.0,667565.0,42,999,1,,,6872.429236088237,301551.8347177926,311551.6936368916,2170.42511473163,1579064400.0,,,15.0,2.0,9.0,2.0,0.0,3.0,998.7517872510979,1012.9999575205926,,1055.660009522178,5.70028801403414,,9.358474086864788,10.32127768574638,42.48433660044143,63.0,77.42556148355965,43.54474194719801,-0.11895027198462346,-0.6878669147279917,1.1083464095973519,99.0,0.001082898315438866,1005334.970665552,14.426696862969878,0.8302335042924958,74.0,,6.464876439325394,116.73146052769437,0.0,0.7397305268302911,-0.4985014684725746
174792.94162165097,100.0,100201.0,,521562.0,42,999,1,,,111903.30237241463,12256.077129054936,,2852.023179972531,1675054800.0,2023.0,1.0,30.0,0.0,24.0,,0.0,1.0,1037.9459154864282,1044.2345251609358,1098.608085844722,1087.8902185655193,,81.21675005428324,10.403166695009693,8.577745172058172,46.70820151604979,,97.87684912891953,46.678389307034365,0.767659580117156,4.3867720321251955,-0.366078712250772,99.0,0.001057053918994715,994713.4524915394,12.12534424427295,-0.5288066284650998,29.0,56447.96439126212,,108.6741333278116,0.0,-0.09460039527442654,-0.9446667662357138
184328.35358635942,55.521209125373545,100445.0,445.0,729779.0,42,999,1,122.27671280046624,,91678.82647522463,28236.757092503973,769.1300237526664,452.6071728289168,1585195200.0,2020.0,,26.0,3.0,74.0,4.0,1.0,3.0,1336.4544901728846,,1470.3812711112166,1369.9828637075586,11.332474025260339,52.39845324546861,,8.84677410822526,30.692222659636247,76.0,90.50925109184249,54.86554543001464,1.2296873075848271,6.270369507994665,0.4735918043639479,2.0,0.0009378721097572345,1069958.7233688156,70.75670889725713,0.798099693972466,34.0,42951.48539409935,3.5962711722309786,82.69829004596616,0.0,,-1.0082949362585638
